contract_id,customer_id,monthly_cents,currency,start_date,renewal_date,consent_required,service_obligation,transfer_status
CTR-0001,CUS-0001,300000000,USD,2023-09-01,2026-09-01,True,monthly deliverable synthetic service; no prepayment,request consent
CTR-0002,CUS-0002,2404810,USD,2023-09-01,2026-09-01,False,monthly deliverable synthetic service; no prepayment,permitted under scenario assumptions
CTR-0003,CUS-0003,2404810,USD,2023-09-01,2026-09-01,False,monthly deliverable synthetic service; no prepayment,permitted under scenario assumptions
CTR-0004,CUS-0004,2404810,USD,2023-09-01,2026-09-01,False,monthly deliverable synthetic service; no prepayment,permitted under scenario assumptions
CTR-0005,CUS-0005,2404810,USD,2023-09-01,2026-09-01,False,monthly deliverable synthetic service; no prepayment,permitted under scenario assumptions
CTR-0006,CUS-0006,2404810,USD,2023-09-01,2026-09-01,False,monthly deliverable synthetic service; no prepayment,permitted under scenario assumptions
CTR-0007,CUS-0007,2404810,USD,2023-09-01,2026-09-01,False,monthly deliverable synthetic service; no prepayment,permitted under scenario assumptions
CTR-0008,CUS-0008,2404810,USD,2023-09-01,2026-09-01,False,monthly deliverable synthetic service; no prepayment,permitted under scenario assumptions
CTR-0009,CUS-0009,2404810,USD,2023-09-01,2026-09-01,False,monthly deliverable synthetic service; no prepayment,permitted under scenario assumptions
CTR-0010,CUS-0010,2404810,USD,2023-09-01,2026-09-01,False,monthly deliverable synthetic service; no prepayment,permitted under scenario assumptions
CTR-0011,CUS-0011,2404810,USD,2023-09-01,2026-09-01,False,monthly deliverable synthetic service; no prepayment,permitted under scenario assumptions
CTR-0012,CUS-0012,2404810,USD,2023-09-01,2026-09-01,False,monthly deliverable synthetic service; no prepayment,permitted under scenario assumptions
CTR-0013,CUS-0013,2404810,USD,2023-09-01,2026-09-01,False,monthly deliverable synthetic service; no prepayment,permitted under scenario assumptions
CTR-0014,CUS-0014,2404810,USD,2023-09-01,2026-09-01,False,monthly deliverable synthetic service; no prepayment,permitted under scenario assumptions
CTR-0015,CUS-0015,2404810,USD,2023-09-01,2026-09-01,False,monthly deliverable synthetic service; no prepayment,permitted under scenario assumptions
CTR-0016,CUS-0016,2404810,USD,2023-09-01,2026-09-01,False,monthly deliverable synthetic service; no prepayment,permitted under scenario assumptions
CTR-0017,CUS-0017,2404810,USD,2023-09-01,2026-09-01,False,monthly deliverable synthetic service; no prepayment,permitted under scenario assumptions
CTR-0018,CUS-0018,2404810,USD,2023-09-01,2026-09-01,False,monthly deliverable synthetic service; no prepayment,permitted under scenario assumptions
CTR-0019,CUS-0019,2404810,USD,2023-09-01,2026-09-01,False,monthly deliverable synthetic service; no prepayment,permitted under scenario assumptions
CTR-0020,CUS-0020,2404810,USD,2023-09-01,2026-09-01,False,monthly deliverable synthetic service; no prepayment,permitted under scenario assumptions
CTR-0021,CUS-0021,2404810,USD,2023-09-01,2026-09-01,False,monthly deliverable synthetic service; no prepayment,permitted under scenario assumptions
CTR-0022,CUS-0022,2404810,USD,2023-09-01,2026-09-01,False,monthly deliverable synthetic service; no prepayment,permitted under scenario assumptions
CTR-0023,CUS-0023,2404810,USD,2023-09-01,2026-09-01,False,monthly deliverable synthetic service; no prepayment,permitted under scenario assumptions
CTR-0024,CUS-0024,2404810,USD,2023-09-01,2026-09-01,False,monthly deliverable synthetic service; no prepayment,permitted under scenario assumptions
CTR-0025,CUS-0025,2404810,USD,2023-09-01,2026-09-01,False,monthly deliverable synthetic service; no prepayment,permitted under scenario assumptions
CTR-0026,CUS-0026,2404810,USD,2023-09-01,2026-09-01,False,monthly deliverable synthetic service; no prepayment,permitted under scenario assumptions
CTR-0027,CUS-0027,2404810,USD,2023-09-01,2026-09-01,False,monthly deliverable synthetic service; no prepayment,permitted under scenario assumptions
CTR-0028,CUS-0028,2404810,USD,2023-09-01,2026-09-01,False,monthly deliverable synthetic service; no prepayment,permitted under scenario assumptions
CTR-0029,CUS-0029,2404810,USD,2023-09-01,2026-09-01,False,monthly deliverable synthetic service; no prepayment,permitted under scenario assumptions
CTR-0030,CUS-0030,2404810,USD,2023-09-01,2026-09-01,False,monthly deliverable synthetic service; no prepayment,permitted under scenario assumptions
CTR-0031,CUS-0031,2404810,USD,2023-09-01,2026-09-01,False,monthly deliverable synthetic service; no prepayment,permitted under scenario assumptions
CTR-0032,CUS-0032,2404810,USD,2023-09-01,2026-09-01,False,monthly deliverable synthetic service; no prepayment,permitted under scenario assumptions
CTR-0033,CUS-0033,2404810,USD,2023-09-01,2026-09-01,False,monthly deliverable synthetic service; no prepayment,permitted under scenario assumptions
CTR-0034,CUS-0034,2404810,USD,2023-09-01,2026-09-01,False,monthly deliverable synthetic service; no prepayment,permitted under scenario assumptions
CTR-0035,CUS-0035,2404810,USD,2023-09-01,2026-09-01,False,monthly deliverable synthetic service; no prepayment,permitted under scenario assumptions
CTR-0036,CUS-0036,2404810,USD,2023-09-01,2026-09-01,False,monthly deliverable synthetic service; no prepayment,permitted under scenario assumptions
CTR-0037,CUS-0037,2404810,USD,2023-09-01,2026-09-01,False,monthly deliverable synthetic service; no prepayment,permitted under scenario assumptions
CTR-0038,CUS-0038,2404810,USD,2023-09-01,2026-09-01,False,monthly deliverable synthetic service; no prepayment,permitted under scenario assumptions
CTR-0039,CUS-0039,2404810,USD,2023-09-01,2026-09-01,False,monthly deliverable synthetic service; no prepayment,permitted under scenario assumptions
CTR-0040,CUS-0040,2404810,USD,2023-09-01,2026-09-01,False,monthly deliverable synthetic service; no prepayment,permitted under scenario assumptions
CTR-0041,CUS-0041,2404810,USD,2023-09-01,2026-09-01,False,monthly deliverable synthetic service; no prepayment,permitted under scenario assumptions
CTR-0042,CUS-0042,2404810,USD,2023-09-01,2026-09-01,False,monthly deliverable synthetic service; no prepayment,permitted under scenario assumptions
CTR-0043,CUS-0043,2404810,USD,2023-09-01,2026-09-01,False,monthly deliverable synthetic service; no prepayment,permitted under scenario assumptions
CTR-0044,CUS-0044,2404810,USD,2023-09-01,2026-09-01,False,monthly deliverable synthetic service; no prepayment,permitted under scenario assumptions
CTR-0045,CUS-0045,2404810,USD,2023-09-01,2026-09-01,False,monthly deliverable synthetic service; no prepayment,permitted under scenario assumptions
CTR-0046,CUS-0046,2404810,USD,2023-09-01,2026-09-01,False,monthly deliverable synthetic service; no prepayment,permitted under scenario assumptions
CTR-0047,CUS-0047,2404810,USD,2023-09-01,2026-09-01,False,monthly deliverable synthetic service; no prepayment,permitted under scenario assumptions
CTR-0048,CUS-0048,2404810,USD,2023-09-01,2026-09-01,False,monthly deliverable synthetic service; no prepayment,permitted under scenario assumptions
CTR-0049,CUS-0049,2404810,USD,2023-09-01,2026-09-01,False,monthly deliverable synthetic service; no prepayment,permitted under scenario assumptions
CTR-0050,CUS-0050,2404810,USD,2023-09-01,2026-09-01,False,monthly deliverable synthetic service; no prepayment,permitted under scenario assumptions
CTR-0051,CUS-0051,2404810,USD,2023-09-01,2026-09-01,False,monthly deliverable synthetic service; no prepayment,permitted under scenario assumptions
CTR-0052,CUS-0052,2404810,USD,2023-09-01,2026-09-01,False,monthly deliverable synthetic service; no prepayment,permitted under scenario assumptions
CTR-0053,CUS-0053,2404810,USD,2023-09-01,2026-09-01,False,monthly deliverable synthetic service; no prepayment,permitted under scenario assumptions
CTR-0054,CUS-0054,2404810,USD,2023-09-01,2026-09-01,False,monthly deliverable synthetic service; no prepayment,permitted under scenario assumptions
CTR-0055,CUS-0055,2404810,USD,2023-09-01,2026-09-01,False,monthly deliverable synthetic service; no prepayment,permitted under scenario assumptions
CTR-0056,CUS-0056,2404810,USD,2023-09-01,2026-09-01,False,monthly deliverable synthetic service; no prepayment,permitted under scenario assumptions
CTR-0057,CUS-0057,2404810,USD,2023-09-01,2026-09-01,False,monthly deliverable synthetic service; no prepayment,permitted under scenario assumptions
CTR-0058,CUS-0058,2404810,USD,2023-09-01,2026-09-01,False,monthly deliverable synthetic service; no prepayment,permitted under scenario assumptions
CTR-0059,CUS-0059,2404810,USD,2023-09-01,2026-09-01,False,monthly deliverable synthetic service; no prepayment,permitted under scenario assumptions
CTR-0060,CUS-0060,2404810,USD,2023-09-01,2026-09-01,False,monthly deliverable synthetic service; no prepayment,permitted under scenario assumptions
CTR-0061,CUS-0061,2404810,USD,2023-09-01,2026-09-01,False,monthly deliverable synthetic service; no prepayment,permitted under scenario assumptions
CTR-0062,CUS-0062,2404810,USD,2023-09-01,2026-09-01,False,monthly deliverable synthetic service; no prepayment,permitted under scenario assumptions
CTR-0063,CUS-0063,2404810,USD,2023-09-01,2026-09-01,False,monthly deliverable synthetic service; no prepayment,permitted under scenario assumptions
CTR-0064,CUS-0064,2404810,USD,2023-09-01,2026-09-01,False,monthly deliverable synthetic service; no prepayment,permitted under scenario assumptions
CTR-0065,CUS-0065,2404810,USD,2023-09-01,2026-09-01,False,monthly deliverable synthetic service; no prepayment,permitted under scenario assumptions
CTR-0066,CUS-0066,2404810,USD,2023-09-01,2026-09-01,False,monthly deliverable synthetic service; no prepayment,permitted under scenario assumptions
CTR-0067,CUS-0067,2404810,USD,2023-09-01,2026-09-01,False,monthly deliverable synthetic service; no prepayment,permitted under scenario assumptions
CTR-0068,CUS-0068,2404810,USD,2023-09-01,2026-09-01,False,monthly deliverable synthetic service; no prepayment,permitted under scenario assumptions
CTR-0069,CUS-0069,2404810,USD,2023-09-01,2026-09-01,False,monthly deliverable synthetic service; no prepayment,permitted under scenario assumptions
CTR-0070,CUS-0070,2404810,USD,2023-09-01,2026-09-01,False,monthly deliverable synthetic service; no prepayment,permitted under scenario assumptions
CTR-0071,CUS-0071,2404810,USD,2023-09-01,2026-09-01,False,monthly deliverable synthetic service; no prepayment,permitted under scenario assumptions
CTR-0072,CUS-0072,2404810,USD,2023-09-01,2026-09-01,False,monthly deliverable synthetic service; no prepayment,permitted under scenario assumptions
CTR-0073,CUS-0073,2404810,USD,2023-09-01,2026-09-01,False,monthly deliverable synthetic service; no prepayment,permitted under scenario assumptions
CTR-0074,CUS-0074,2404810,USD,2023-09-01,2026-09-01,False,monthly deliverable synthetic service; no prepayment,permitted under scenario assumptions
CTR-0075,CUS-0075,2404810,USD,2023-09-01,2026-09-01,False,monthly deliverable synthetic service; no prepayment,permitted under scenario assumptions
CTR-0076,CUS-0076,2404810,USD,2023-09-01,2026-09-01,False,monthly deliverable synthetic service; no prepayment,permitted under scenario assumptions
CTR-0077,CUS-0077,2404810,USD,2023-09-01,2026-09-01,False,monthly deliverable synthetic service; no prepayment,permitted under scenario assumptions
CTR-0078,CUS-0078,2404810,USD,2023-09-01,2026-09-01,False,monthly deliverable synthetic service; no prepayment,permitted under scenario assumptions
CTR-0079,CUS-0079,2404810,USD,2023-09-01,2026-09-01,False,monthly deliverable synthetic service; no prepayment,permitted under scenario assumptions
CTR-0080,CUS-0080,2404810,USD,2023-09-01,2026-09-01,False,monthly deliverable synthetic service; no prepayment,permitted under scenario assumptions
CTR-0081,CUS-0081,2404810,USD,2023-09-01,2026-09-01,False,monthly deliverable synthetic service; no prepayment,permitted under scenario assumptions
CTR-0082,CUS-0082,2404810,USD,2023-09-01,2026-09-01,False,monthly deliverable synthetic service; no prepayment,permitted under scenario assumptions
CTR-0083,CUS-0083,2404810,USD,2023-09-01,2026-09-01,False,monthly deliverable synthetic service; no prepayment,permitted under scenario assumptions
CTR-0084,CUS-0084,2404810,USD,2023-09-01,2026-09-01,False,monthly deliverable synthetic service; no prepayment,permitted under scenario assumptions
CTR-0085,CUS-0085,2404810,USD,2023-09-01,2026-09-01,False,monthly deliverable synthetic service; no prepayment,permitted under scenario assumptions
CTR-0086,CUS-0086,2404810,USD,2023-09-01,2026-09-01,False,monthly deliverable synthetic service; no prepayment,permitted under scenario assumptions
CTR-0087,CUS-0087,2404810,USD,2023-09-01,2026-09-01,False,monthly deliverable synthetic service; no prepayment,permitted under scenario assumptions
CTR-0088,CUS-0088,2404810,USD,2023-09-01,2026-09-01,False,monthly deliverable synthetic service; no prepayment,permitted under scenario assumptions
CTR-0089,CUS-0089,2404810,USD,2023-09-01,2026-09-01,False,monthly deliverable synthetic service; no prepayment,permitted under scenario assumptions
CTR-0090,CUS-0090,2404810,USD,2023-09-01,2026-09-01,False,monthly deliverable synthetic service; no prepayment,permitted under scenario assumptions
CTR-0091,CUS-0091,2404810,USD,2023-09-01,2026-09-01,False,monthly deliverable synthetic service; no prepayment,permitted under scenario assumptions
CTR-0092,CUS-0092,2404810,USD,2023-09-01,2026-09-01,False,monthly deliverable synthetic service; no prepayment,permitted under scenario assumptions
CTR-0093,CUS-0093,2404810,USD,2023-09-01,2026-09-01,False,monthly deliverable synthetic service; no prepayment,permitted under scenario assumptions
CTR-0094,CUS-0094,2404810,USD,2023-09-01,2026-09-01,False,monthly deliverable synthetic service; no prepayment,permitted under scenario assumptions
CTR-0095,CUS-0095,2404810,USD,2023-09-01,2026-09-01,False,monthly deliverable synthetic service; no prepayment,permitted under scenario assumptions
CTR-0096,CUS-0096,2404810,USD,2023-09-01,2026-09-01,False,monthly deliverable synthetic service; no prepayment,permitted under scenario assumptions
CTR-0097,CUS-0097,2404810,USD,2023-09-01,2026-09-01,False,monthly deliverable synthetic service; no prepayment,permitted under scenario assumptions
CTR-0098,CUS-0098,2404810,USD,2023-09-01,2026-09-01,False,monthly deliverable synthetic service; no prepayment,permitted under scenario assumptions
CTR-0099,CUS-0099,2404810,USD,2023-09-01,2026-09-01,False,monthly deliverable synthetic service; no prepayment,permitted under scenario assumptions
CTR-0100,CUS-0100,2404810,USD,2023-09-01,2026-09-01,False,monthly deliverable synthetic service; no prepayment,permitted under scenario assumptions
CTR-0101,CUS-0101,2404810,USD,2023-09-01,2026-09-01,False,monthly deliverable synthetic service; no prepayment,permitted under scenario assumptions
CTR-0102,CUS-0102,2404810,USD,2023-09-01,2026-09-01,False,monthly deliverable synthetic service; no prepayment,permitted under scenario assumptions
CTR-0103,CUS-0103,2404810,USD,2023-09-01,2026-09-01,False,monthly deliverable synthetic service; no prepayment,permitted under scenario assumptions
CTR-0104,CUS-0104,2404810,USD,2023-09-01,2026-09-01,False,monthly deliverable synthetic service; no prepayment,permitted under scenario assumptions
CTR-0105,CUS-0105,2404810,USD,2023-09-01,2026-09-01,False,monthly deliverable synthetic service; no prepayment,permitted under scenario assumptions
CTR-0106,CUS-0106,2404810,USD,2023-09-01,2026-09-01,False,monthly deliverable synthetic service; no prepayment,permitted under scenario assumptions
CTR-0107,CUS-0107,2404810,USD,2023-09-01,2026-09-01,False,monthly deliverable synthetic service; no prepayment,permitted under scenario assumptions
CTR-0108,CUS-0108,2404810,USD,2023-09-01,2026-09-01,False,monthly deliverable synthetic service; no prepayment,permitted under scenario assumptions
CTR-0109,CUS-0109,2404810,USD,2023-09-01,2026-09-01,False,monthly deliverable synthetic service; no prepayment,permitted under scenario assumptions
CTR-0110,CUS-0110,2404810,USD,2023-09-01,2026-09-01,False,monthly deliverable synthetic service; no prepayment,permitted under scenario assumptions
CTR-0111,CUS-0111,2404810,USD,2023-09-01,2026-09-01,False,monthly deliverable synthetic service; no prepayment,permitted under scenario assumptions
CTR-0112,CUS-0112,2404810,USD,2023-09-01,2026-09-01,False,monthly deliverable synthetic service; no prepayment,permitted under scenario assumptions
CTR-0113,CUS-0113,2404810,USD,2023-09-01,2026-09-01,False,monthly deliverable synthetic service; no prepayment,permitted under scenario assumptions
CTR-0114,CUS-0114,2404810,USD,2023-09-01,2026-09-01,False,monthly deliverable synthetic service; no prepayment,permitted under scenario assumptions
CTR-0115,CUS-0115,2404810,USD,2023-09-01,2026-09-01,False,monthly deliverable synthetic service; no prepayment,permitted under scenario assumptions
CTR-0116,CUS-0116,2404810,USD,2023-09-01,2026-09-01,False,monthly deliverable synthetic service; no prepayment,permitted under scenario assumptions
CTR-0117,CUS-0117,2404810,USD,2023-09-01,2026-09-01,False,monthly deliverable synthetic service; no prepayment,permitted under scenario assumptions
CTR-0118,CUS-0118,2404810,USD,2023-09-01,2026-09-01,False,monthly deliverable synthetic service; no prepayment,permitted under scenario assumptions
CTR-0119,CUS-0119,2404810,USD,2023-09-01,2026-09-01,False,monthly deliverable synthetic service; no prepayment,permitted under scenario assumptions
CTR-0120,CUS-0120,2404810,USD,2023-09-01,2026-09-01,False,monthly deliverable synthetic service; no prepayment,permitted under scenario assumptions
CTR-0121,CUS-0121,2404810,USD,2023-09-01,2026-09-01,False,monthly deliverable synthetic service; no prepayment,permitted under scenario assumptions
CTR-0122,CUS-0122,2404810,USD,2023-09-01,2026-09-01,False,monthly deliverable synthetic service; no prepayment,permitted under scenario assumptions
CTR-0123,CUS-0123,2404810,USD,2023-09-01,2026-09-01,False,monthly deliverable synthetic service; no prepayment,permitted under scenario assumptions
CTR-0124,CUS-0124,2404810,USD,2023-09-01,2026-09-01,False,monthly deliverable synthetic service; no prepayment,permitted under scenario assumptions
CTR-0125,CUS-0125,2404810,USD,2023-09-01,2026-09-01,False,monthly deliverable synthetic service; no prepayment,permitted under scenario assumptions
CTR-0126,CUS-0126,2404810,USD,2023-09-01,2026-09-01,False,monthly deliverable synthetic service; no prepayment,permitted under scenario assumptions
CTR-0127,CUS-0127,2404810,USD,2023-09-01,2026-09-01,False,monthly deliverable synthetic service; no prepayment,permitted under scenario assumptions
CTR-0128,CUS-0128,2404810,USD,2023-09-01,2026-09-01,False,monthly deliverable synthetic service; no prepayment,permitted under scenario assumptions
CTR-0129,CUS-0129,2404810,USD,2023-09-01,2026-09-01,False,monthly deliverable synthetic service; no prepayment,permitted under scenario assumptions
CTR-0130,CUS-0130,2404810,USD,2023-09-01,2026-09-01,False,monthly deliverable synthetic service; no prepayment,permitted under scenario assumptions
CTR-0131,CUS-0131,2404810,USD,2023-09-01,2026-09-01,False,monthly deliverable synthetic service; no prepayment,permitted under scenario assumptions
CTR-0132,CUS-0132,2404810,USD,2023-09-01,2026-09-01,False,monthly deliverable synthetic service; no prepayment,permitted under scenario assumptions
CTR-0133,CUS-0133,2404810,USD,2023-09-01,2026-09-01,False,monthly deliverable synthetic service; no prepayment,permitted under scenario assumptions
CTR-0134,CUS-0134,2404810,USD,2023-09-01,2026-09-01,False,monthly deliverable synthetic service; no prepayment,permitted under scenario assumptions
CTR-0135,CUS-0135,2404810,USD,2023-09-01,2026-09-01,False,monthly deliverable synthetic service; no prepayment,permitted under scenario assumptions
CTR-0136,CUS-0136,2404810,USD,2023-09-01,2026-09-01,False,monthly deliverable synthetic service; no prepayment,permitted under scenario assumptions
CTR-0137,CUS-0137,2404810,USD,2023-09-01,2026-09-01,False,monthly deliverable synthetic service; no prepayment,permitted under scenario assumptions
CTR-0138,CUS-0138,2404810,USD,2023-09-01,2026-09-01,False,monthly deliverable synthetic service; no prepayment,permitted under scenario assumptions
CTR-0139,CUS-0139,2404810,USD,2023-09-01,2026-09-01,False,monthly deliverable synthetic service; no prepayment,permitted under scenario assumptions
CTR-0140,CUS-0140,2404810,USD,2023-09-01,2026-09-01,False,monthly deliverable synthetic service; no prepayment,permitted under scenario assumptions
CTR-0141,CUS-0141,2404810,USD,2023-09-01,2026-09-01,False,monthly deliverable synthetic service; no prepayment,permitted under scenario assumptions
CTR-0142,CUS-0142,2404810,USD,2023-09-01,2026-09-01,False,monthly deliverable synthetic service; no prepayment,permitted under scenario assumptions
CTR-0143,CUS-0143,2404810,USD,2023-09-01,2026-09-01,False,monthly deliverable synthetic service; no prepayment,permitted under scenario assumptions
CTR-0144,CUS-0144,2404810,USD,2023-09-01,2026-09-01,False,monthly deliverable synthetic service; no prepayment,permitted under scenario assumptions
CTR-0145,CUS-0145,2404810,USD,2023-09-01,2026-09-01,False,monthly deliverable synthetic service; no prepayment,permitted under scenario assumptions
CTR-0146,CUS-0146,2404810,USD,2023-09-01,2026-09-01,False,monthly deliverable synthetic service; no prepayment,permitted under scenario assumptions
CTR-0147,CUS-0147,2404810,USD,2023-09-01,2026-09-01,False,monthly deliverable synthetic service; no prepayment,permitted under scenario assumptions
CTR-0148,CUS-0148,2404810,USD,2023-09-01,2026-09-01,False,monthly deliverable synthetic service; no prepayment,permitted under scenario assumptions
CTR-0149,CUS-0149,2404810,USD,2023-09-01,2026-09-01,False,monthly deliverable synthetic service; no prepayment,permitted under scenario assumptions
CTR-0150,CUS-0150,2404810,USD,2023-09-01,2026-09-01,False,monthly deliverable synthetic service; no prepayment,permitted under scenario assumptions
CTR-0151,CUS-0151,2404810,USD,2023-09-01,2026-09-01,False,monthly deliverable synthetic service; no prepayment,permitted under scenario assumptions
CTR-0152,CUS-0152,2404810,USD,2023-09-01,2026-09-01,False,monthly deliverable synthetic service; no prepayment,permitted under scenario assumptions
CTR-0153,CUS-0153,2404810,USD,2023-09-01,2026-09-01,False,monthly deliverable synthetic service; no prepayment,permitted under scenario assumptions
CTR-0154,CUS-0154,2404810,USD,2023-09-01,2026-09-01,False,monthly deliverable synthetic service; no prepayment,permitted under scenario assumptions
CTR-0155,CUS-0155,2404810,USD,2023-09-01,2026-09-01,False,monthly deliverable synthetic service; no prepayment,permitted under scenario assumptions
CTR-0156,CUS-0156,2404810,USD,2023-09-01,2026-09-01,False,monthly deliverable synthetic service; no prepayment,permitted under scenario assumptions
CTR-0157,CUS-0157,2404810,USD,2023-09-01,2026-09-01,False,monthly deliverable synthetic service; no prepayment,permitted under scenario assumptions
CTR-0158,CUS-0158,2404810,USD,2023-09-01,2026-09-01,False,monthly deliverable synthetic service; no prepayment,permitted under scenario assumptions
CTR-0159,CUS-0159,2404810,USD,2023-09-01,2026-09-01,False,monthly deliverable synthetic service; no prepayment,permitted under scenario assumptions
CTR-0160,CUS-0160,2404810,USD,2023-09-01,2026-09-01,False,monthly deliverable synthetic service; no prepayment,permitted under scenario assumptions
CTR-0161,CUS-0161,2404810,USD,2023-09-01,2026-09-01,False,monthly deliverable synthetic service; no prepayment,permitted under scenario assumptions
CTR-0162,CUS-0162,2404810,USD,2023-09-01,2026-09-01,False,monthly deliverable synthetic service; no prepayment,permitted under scenario assumptions
CTR-0163,CUS-0163,2404810,USD,2023-09-01,2026-09-01,False,monthly deliverable synthetic service; no prepayment,permitted under scenario assumptions
CTR-0164,CUS-0164,2404810,USD,2023-09-01,2026-09-01,False,monthly deliverable synthetic service; no prepayment,permitted under scenario assumptions
CTR-0165,CUS-0165,2404810,USD,2023-09-01,2026-09-01,False,monthly deliverable synthetic service; no prepayment,permitted under scenario assumptions
CTR-0166,CUS-0166,2404810,USD,2023-09-01,2026-09-01,False,monthly deliverable synthetic service; no prepayment,permitted under scenario assumptions
CTR-0167,CUS-0167,2404810,USD,2023-09-01,2026-09-01,False,monthly deliverable synthetic service; no prepayment,permitted under scenario assumptions
CTR-0168,CUS-0168,2404810,USD,2023-09-01,2026-09-01,False,monthly deliverable synthetic service; no prepayment,permitted under scenario assumptions
CTR-0169,CUS-0169,2404810,USD,2023-09-01,2026-09-01,False,monthly deliverable synthetic service; no prepayment,permitted under scenario assumptions
CTR-0170,CUS-0170,2404810,USD,2023-09-01,2026-09-01,False,monthly deliverable synthetic service; no prepayment,permitted under scenario assumptions
CTR-0171,CUS-0171,2404810,USD,2023-09-01,2026-09-01,False,monthly deliverable synthetic service; no prepayment,permitted under scenario assumptions
CTR-0172,CUS-0172,2404810,USD,2023-09-01,2026-09-01,False,monthly deliverable synthetic service; no prepayment,permitted under scenario assumptions
CTR-0173,CUS-0173,2404810,USD,2023-09-01,2026-09-01,False,monthly deliverable synthetic service; no prepayment,permitted under scenario assumptions
CTR-0174,CUS-0174,2404810,USD,2023-09-01,2026-09-01,False,monthly deliverable synthetic service; no prepayment,permitted under scenario assumptions
CTR-0175,CUS-0175,2404810,USD,2023-09-01,2026-09-01,False,monthly deliverable synthetic service; no prepayment,permitted under scenario assumptions
CTR-0176,CUS-0176,2404810,USD,2023-09-01,2026-09-01,False,monthly deliverable synthetic service; no prepayment,permitted under scenario assumptions
CTR-0177,CUS-0177,2404810,USD,2023-09-01,2026-09-01,False,monthly deliverable synthetic service; no prepayment,permitted under scenario assumptions
CTR-0178,CUS-0178,2404810,USD,2023-09-01,2026-09-01,False,monthly deliverable synthetic service; no prepayment,permitted under scenario assumptions
CTR-0179,CUS-0179,2404810,USD,2023-09-01,2026-09-01,False,monthly deliverable synthetic service; no prepayment,permitted under scenario assumptions
CTR-0180,CUS-0180,2404810,USD,2023-09-01,2026-09-01,False,monthly deliverable synthetic service; no prepayment,permitted under scenario assumptions
CTR-0181,CUS-0181,2404810,USD,2023-09-01,2026-09-01,False,monthly deliverable synthetic service; no prepayment,permitted under scenario assumptions
CTR-0182,CUS-0182,2404810,USD,2023-09-01,2026-09-01,False,monthly deliverable synthetic service; no prepayment,permitted under scenario assumptions
CTR-0183,CUS-0183,2404810,USD,2023-09-01,2026-09-01,False,monthly deliverable synthetic service; no prepayment,permitted under scenario assumptions
CTR-0184,CUS-0184,2404810,USD,2023-09-01,2026-09-01,False,monthly deliverable synthetic service; no prepayment,permitted under scenario assumptions
CTR-0185,CUS-0185,2404810,USD,2023-09-01,2026-09-01,False,monthly deliverable synthetic service; no prepayment,permitted under scenario assumptions
CTR-0186,CUS-0186,2404810,USD,2023-09-01,2026-09-01,False,monthly deliverable synthetic service; no prepayment,permitted under scenario assumptions
CTR-0187,CUS-0187,2404810,USD,2023-09-01,2026-09-01,False,monthly deliverable synthetic service; no prepayment,permitted under scenario assumptions
CTR-0188,CUS-0188,2404810,USD,2023-09-01,2026-09-01,False,monthly deliverable synthetic service; no prepayment,permitted under scenario assumptions
CTR-0189,CUS-0189,2404810,USD,2023-09-01,2026-09-01,False,monthly deliverable synthetic service; no prepayment,permitted under scenario assumptions
CTR-0190,CUS-0190,2404810,USD,2023-09-01,2026-09-01,False,monthly deliverable synthetic service; no prepayment,permitted under scenario assumptions
CTR-0191,CUS-0191,2404810,USD,2023-09-01,2026-09-01,False,monthly deliverable synthetic service; no prepayment,permitted under scenario assumptions
CTR-0192,CUS-0192,2404810,USD,2023-09-01,2026-09-01,False,monthly deliverable synthetic service; no prepayment,permitted under scenario assumptions
CTR-0193,CUS-0193,2404810,USD,2023-09-01,2026-09-01,False,monthly deliverable synthetic service; no prepayment,permitted under scenario assumptions
CTR-0194,CUS-0194,2404810,USD,2023-09-01,2026-09-01,False,monthly deliverable synthetic service; no prepayment,permitted under scenario assumptions
CTR-0195,CUS-0195,2404810,USD,2023-09-01,2026-09-01,False,monthly deliverable synthetic service; no prepayment,permitted under scenario assumptions
CTR-0196,CUS-0196,2404810,USD,2023-09-01,2026-09-01,False,monthly deliverable synthetic service; no prepayment,permitted under scenario assumptions
CTR-0197,CUS-0197,2404810,USD,2023-09-01,2026-09-01,False,monthly deliverable synthetic service; no prepayment,permitted under scenario assumptions
CTR-0198,CUS-0198,2404810,USD,2023-09-01,2026-09-01,False,monthly deliverable synthetic service; no prepayment,permitted under scenario assumptions
CTR-0199,CUS-0199,2404810,USD,2023-09-01,2026-09-01,False,monthly deliverable synthetic service; no prepayment,permitted under scenario assumptions
CTR-0200,CUS-0200,2404810,USD,2023-09-01,2026-09-01,False,monthly deliverable synthetic service; no prepayment,permitted under scenario assumptions
CTR-0201,CUS-0201,2404810,USD,2023-09-01,2026-09-01,False,monthly deliverable synthetic service; no prepayment,permitted under scenario assumptions
CTR-0202,CUS-0202,2404810,USD,2023-09-01,2026-09-01,False,monthly deliverable synthetic service; no prepayment,permitted under scenario assumptions
CTR-0203,CUS-0203,2404810,USD,2023-09-01,2026-09-01,False,monthly deliverable synthetic service; no prepayment,permitted under scenario assumptions
CTR-0204,CUS-0204,2404810,USD,2023-09-01,2026-09-01,False,monthly deliverable synthetic service; no prepayment,permitted under scenario assumptions
CTR-0205,CUS-0205,2404810,USD,2023-09-01,2026-09-01,False,monthly deliverable synthetic service; no prepayment,permitted under scenario assumptions
CTR-0206,CUS-0206,2404810,USD,2023-09-01,2026-09-01,False,monthly deliverable synthetic service; no prepayment,permitted under scenario assumptions
CTR-0207,CUS-0207,2404810,USD,2023-09-01,2026-09-01,False,monthly deliverable synthetic service; no prepayment,permitted under scenario assumptions
CTR-0208,CUS-0208,2404810,USD,2023-09-01,2026-09-01,False,monthly deliverable synthetic service; no prepayment,permitted under scenario assumptions
CTR-0209,CUS-0209,2404810,USD,2023-09-01,2026-09-01,False,monthly deliverable synthetic service; no prepayment,permitted under scenario assumptions
CTR-0210,CUS-0210,2404810,USD,2023-09-01,2026-09-01,False,monthly deliverable synthetic service; no prepayment,permitted under scenario assumptions
CTR-0211,CUS-0211,2404810,USD,2023-09-01,2026-09-01,False,monthly deliverable synthetic service; no prepayment,permitted under scenario assumptions
CTR-0212,CUS-0212,2404810,USD,2023-09-01,2026-09-01,False,monthly deliverable synthetic service; no prepayment,permitted under scenario assumptions
CTR-0213,CUS-0213,2404810,USD,2023-09-01,2026-09-01,False,monthly deliverable synthetic service; no prepayment,permitted under scenario assumptions
CTR-0214,CUS-0214,2404810,USD,2023-09-01,2026-09-01,False,monthly deliverable synthetic service; no prepayment,permitted under scenario assumptions
CTR-0215,CUS-0215,2404810,USD,2023-09-01,2026-09-01,False,monthly deliverable synthetic service; no prepayment,permitted under scenario assumptions
CTR-0216,CUS-0216,2404810,USD,2023-09-01,2026-09-01,False,monthly deliverable synthetic service; no prepayment,permitted under scenario assumptions
CTR-0217,CUS-0217,2404810,USD,2023-09-01,2026-09-01,False,monthly deliverable synthetic service; no prepayment,permitted under scenario assumptions
CTR-0218,CUS-0218,2404810,USD,2023-09-01,2026-09-01,False,monthly deliverable synthetic service; no prepayment,permitted under scenario assumptions
CTR-0219,CUS-0219,2404810,USD,2023-09-01,2026-09-01,False,monthly deliverable synthetic service; no prepayment,permitted under scenario assumptions
CTR-0220,CUS-0220,2404810,USD,2023-09-01,2026-09-01,False,monthly deliverable synthetic service; no prepayment,permitted under scenario assumptions
CTR-0221,CUS-0221,2404810,USD,2023-09-01,2026-09-01,False,monthly deliverable synthetic service; no prepayment,permitted under scenario assumptions
CTR-0222,CUS-0222,2404810,USD,2023-09-01,2026-09-01,False,monthly deliverable synthetic service; no prepayment,permitted under scenario assumptions
CTR-0223,CUS-0223,2404810,USD,2023-09-01,2026-09-01,False,monthly deliverable synthetic service; no prepayment,permitted under scenario assumptions
CTR-0224,CUS-0224,2404810,USD,2023-09-01,2026-09-01,False,monthly deliverable synthetic service; no prepayment,permitted under scenario assumptions
CTR-0225,CUS-0225,2404810,USD,2023-09-01,2026-09-01,False,monthly deliverable synthetic service; no prepayment,permitted under scenario assumptions
CTR-0226,CUS-0226,2404810,USD,2023-09-01,2026-09-01,False,monthly deliverable synthetic service; no prepayment,permitted under scenario assumptions
CTR-0227,CUS-0227,2404810,USD,2023-09-01,2026-09-01,False,monthly deliverable synthetic service; no prepayment,permitted under scenario assumptions
CTR-0228,CUS-0228,2404810,USD,2023-09-01,2026-09-01,False,monthly deliverable synthetic service; no prepayment,permitted under scenario assumptions
CTR-0229,CUS-0229,2404810,USD,2023-09-01,2026-09-01,False,monthly deliverable synthetic service; no prepayment,permitted under scenario assumptions
CTR-0230,CUS-0230,2404810,USD,2023-09-01,2026-09-01,False,monthly deliverable synthetic service; no prepayment,permitted under scenario assumptions
CTR-0231,CUS-0231,2404810,USD,2023-09-01,2026-09-01,False,monthly deliverable synthetic service; no prepayment,permitted under scenario assumptions
CTR-0232,CUS-0232,2404810,USD,2023-09-01,2026-09-01,False,monthly deliverable synthetic service; no prepayment,permitted under scenario assumptions
CTR-0233,CUS-0233,2404810,USD,2023-09-01,2026-09-01,False,monthly deliverable synthetic service; no prepayment,permitted under scenario assumptions
CTR-0234,CUS-0234,2404810,USD,2023-09-01,2026-09-01,False,monthly deliverable synthetic service; no prepayment,permitted under scenario assumptions
CTR-0235,CUS-0235,2404810,USD,2023-09-01,2026-09-01,False,monthly deliverable synthetic service; no prepayment,permitted under scenario assumptions
CTR-0236,CUS-0236,2404810,USD,2023-09-01,2026-09-01,False,monthly deliverable synthetic service; no prepayment,permitted under scenario assumptions
CTR-0237,CUS-0237,2404810,USD,2023-09-01,2026-09-01,False,monthly deliverable synthetic service; no prepayment,permitted under scenario assumptions
CTR-0238,CUS-0238,2404810,USD,2023-09-01,2026-09-01,False,monthly deliverable synthetic service; no prepayment,permitted under scenario assumptions
CTR-0239,CUS-0239,2404810,USD,2023-09-01,2026-09-01,False,monthly deliverable synthetic service; no prepayment,permitted under scenario assumptions
CTR-0240,CUS-0240,2404810,USD,2023-09-01,2026-09-01,False,monthly deliverable synthetic service; no prepayment,permitted under scenario assumptions
CTR-0241,CUS-0241,2404810,USD,2023-09-01,2026-09-01,False,monthly deliverable synthetic service; no prepayment,permitted under scenario assumptions
CTR-0242,CUS-0242,2404810,USD,2023-09-01,2026-09-01,False,monthly deliverable synthetic service; no prepayment,permitted under scenario assumptions
CTR-0243,CUS-0243,2404810,USD,2023-09-01,2026-09-01,False,monthly deliverable synthetic service; no prepayment,permitted under scenario assumptions
CTR-0244,CUS-0244,2404810,USD,2023-09-01,2026-09-01,False,monthly deliverable synthetic service; no prepayment,permitted under scenario assumptions
CTR-0245,CUS-0245,2404810,USD,2023-09-01,2026-09-01,False,monthly deliverable synthetic service; no prepayment,permitted under scenario assumptions
CTR-0246,CUS-0246,2404810,USD,2023-09-01,2026-09-01,False,monthly deliverable synthetic service; no prepayment,permitted under scenario assumptions
CTR-0247,CUS-0247,2404810,USD,2023-09-01,2026-09-01,False,monthly deliverable synthetic service; no prepayment,permitted under scenario assumptions
CTR-0248,CUS-0248,2404810,USD,2023-09-01,2026-09-01,False,monthly deliverable synthetic service; no prepayment,permitted under scenario assumptions
CTR-0249,CUS-0249,2404810,USD,2023-09-01,2026-09-01,False,monthly deliverable synthetic service; no prepayment,permitted under scenario assumptions
CTR-0250,CUS-0250,2404810,USD,2023-09-01,2026-09-01,False,monthly deliverable synthetic service; no prepayment,permitted under scenario assumptions
CTR-0251,CUS-0251,2404810,USD,2023-09-01,2026-09-01,False,monthly deliverable synthetic service; no prepayment,permitted under scenario assumptions
CTR-0252,CUS-0252,2404810,USD,2023-09-01,2026-09-01,False,monthly deliverable synthetic service; no prepayment,permitted under scenario assumptions
CTR-0253,CUS-0253,2404810,USD,2023-09-01,2026-09-01,False,monthly deliverable synthetic service; no prepayment,permitted under scenario assumptions
CTR-0254,CUS-0254,2404810,USD,2023-09-01,2026-09-01,False,monthly deliverable synthetic service; no prepayment,permitted under scenario assumptions
CTR-0255,CUS-0255,2404810,USD,2023-09-01,2026-09-01,False,monthly deliverable synthetic service; no prepayment,permitted under scenario assumptions
CTR-0256,CUS-0256,2404810,USD,2023-09-01,2026-09-01,False,monthly deliverable synthetic service; no prepayment,permitted under scenario assumptions
CTR-0257,CUS-0257,2404810,USD,2023-09-01,2026-09-01,False,monthly deliverable synthetic service; no prepayment,permitted under scenario assumptions
CTR-0258,CUS-0258,2404810,USD,2023-09-01,2026-09-01,False,monthly deliverable synthetic service; no prepayment,permitted under scenario assumptions
CTR-0259,CUS-0259,2404810,USD,2023-09-01,2026-09-01,False,monthly deliverable synthetic service; no prepayment,permitted under scenario assumptions
CTR-0260,CUS-0260,2404810,USD,2023-09-01,2026-09-01,False,monthly deliverable synthetic service; no prepayment,permitted under scenario assumptions
CTR-0261,CUS-0261,2404810,USD,2023-09-01,2026-09-01,False,monthly deliverable synthetic service; no prepayment,permitted under scenario assumptions
CTR-0262,CUS-0262,2404810,USD,2023-09-01,2026-09-01,False,monthly deliverable synthetic service; no prepayment,permitted under scenario assumptions
CTR-0263,CUS-0263,2404810,USD,2023-09-01,2026-09-01,False,monthly deliverable synthetic service; no prepayment,permitted under scenario assumptions
CTR-0264,CUS-0264,2404810,USD,2023-09-01,2026-09-01,False,monthly deliverable synthetic service; no prepayment,permitted under scenario assumptions
CTR-0265,CUS-0265,2404810,USD,2023-09-01,2026-09-01,False,monthly deliverable synthetic service; no prepayment,permitted under scenario assumptions
CTR-0266,CUS-0266,2404810,USD,2023-09-01,2026-09-01,False,monthly deliverable synthetic service; no prepayment,permitted under scenario assumptions
CTR-0267,CUS-0267,2404810,USD,2023-09-01,2026-09-01,False,monthly deliverable synthetic service; no prepayment,permitted under scenario assumptions
CTR-0268,CUS-0268,2404810,USD,2023-09-01,2026-09-01,False,monthly deliverable synthetic service; no prepayment,permitted under scenario assumptions
CTR-0269,CUS-0269,2404810,USD,2023-09-01,2026-09-01,False,monthly deliverable synthetic service; no prepayment,permitted under scenario assumptions
CTR-0270,CUS-0270,2404810,USD,2023-09-01,2026-09-01,False,monthly deliverable synthetic service; no prepayment,permitted under scenario assumptions
CTR-0271,CUS-0271,2404810,USD,2023-09-01,2026-09-01,False,monthly deliverable synthetic service; no prepayment,permitted under scenario assumptions
CTR-0272,CUS-0272,2404810,USD,2023-09-01,2026-09-01,False,monthly deliverable synthetic service; no prepayment,permitted under scenario assumptions
CTR-0273,CUS-0273,2404810,USD,2023-09-01,2026-09-01,False,monthly deliverable synthetic service; no prepayment,permitted under scenario assumptions
CTR-0274,CUS-0274,2404810,USD,2023-09-01,2026-09-01,False,monthly deliverable synthetic service; no prepayment,permitted under scenario assumptions
CTR-0275,CUS-0275,2404810,USD,2023-09-01,2026-09-01,False,monthly deliverable synthetic service; no prepayment,permitted under scenario assumptions
CTR-0276,CUS-0276,2404810,USD,2023-09-01,2026-09-01,False,monthly deliverable synthetic service; no prepayment,permitted under scenario assumptions
CTR-0277,CUS-0277,2404810,USD,2023-09-01,2026-09-01,False,monthly deliverable synthetic service; no prepayment,permitted under scenario assumptions
CTR-0278,CUS-0278,2404810,USD,2023-09-01,2026-09-01,False,monthly deliverable synthetic service; no prepayment,permitted under scenario assumptions
CTR-0279,CUS-0279,2404810,USD,2023-09-01,2026-09-01,False,monthly deliverable synthetic service; no prepayment,permitted under scenario assumptions
CTR-0280,CUS-0280,2404810,USD,2023-09-01,2026-09-01,False,monthly deliverable synthetic service; no prepayment,permitted under scenario assumptions
CTR-0281,CUS-0281,2404810,USD,2023-09-01,2026-09-01,False,monthly deliverable synthetic service; no prepayment,permitted under scenario assumptions
CTR-0282,CUS-0282,2404810,USD,2023-09-01,2026-09-01,False,monthly deliverable synthetic service; no prepayment,permitted under scenario assumptions
CTR-0283,CUS-0283,2404810,USD,2023-09-01,2026-09-01,False,monthly deliverable synthetic service; no prepayment,permitted under scenario assumptions
CTR-0284,CUS-0284,2404810,USD,2023-09-01,2026-09-01,False,monthly deliverable synthetic service; no prepayment,permitted under scenario assumptions
CTR-0285,CUS-0285,2404810,USD,2023-09-01,2026-09-01,False,monthly deliverable synthetic service; no prepayment,permitted under scenario assumptions
CTR-0286,CUS-0286,2404810,USD,2023-09-01,2026-09-01,False,monthly deliverable synthetic service; no prepayment,permitted under scenario assumptions
CTR-0287,CUS-0287,2404810,USD,2023-09-01,2026-09-01,False,monthly deliverable synthetic service; no prepayment,permitted under scenario assumptions
CTR-0288,CUS-0288,2404810,USD,2023-09-01,2026-09-01,False,monthly deliverable synthetic service; no prepayment,permitted under scenario assumptions
CTR-0289,CUS-0289,2404810,USD,2023-09-01,2026-09-01,False,monthly deliverable synthetic service; no prepayment,permitted under scenario assumptions
CTR-0290,CUS-0290,2404810,USD,2023-09-01,2026-09-01,False,monthly deliverable synthetic service; no prepayment,permitted under scenario assumptions
CTR-0291,CUS-0291,2404810,USD,2023-09-01,2026-09-01,False,monthly deliverable synthetic service; no prepayment,permitted under scenario assumptions
CTR-0292,CUS-0292,2404810,USD,2023-09-01,2026-09-01,False,monthly deliverable synthetic service; no prepayment,permitted under scenario assumptions
CTR-0293,CUS-0293,2404810,USD,2023-09-01,2026-09-01,False,monthly deliverable synthetic service; no prepayment,permitted under scenario assumptions
CTR-0294,CUS-0294,2404810,USD,2023-09-01,2026-09-01,False,monthly deliverable synthetic service; no prepayment,permitted under scenario assumptions
CTR-0295,CUS-0295,2404810,USD,2023-09-01,2026-09-01,False,monthly deliverable synthetic service; no prepayment,permitted under scenario assumptions
CTR-0296,CUS-0296,2404810,USD,2023-09-01,2026-09-01,False,monthly deliverable synthetic service; no prepayment,permitted under scenario assumptions
CTR-0297,CUS-0297,2404810,USD,2023-09-01,2026-09-01,False,monthly deliverable synthetic service; no prepayment,permitted under scenario assumptions
CTR-0298,CUS-0298,2404810,USD,2023-09-01,2026-09-01,False,monthly deliverable synthetic service; no prepayment,permitted under scenario assumptions
CTR-0299,CUS-0299,2404810,USD,2023-09-01,2026-09-01,False,monthly deliverable synthetic service; no prepayment,permitted under scenario assumptions
CTR-0300,CUS-0300,2404810,USD,2023-09-01,2026-09-01,False,monthly deliverable synthetic service; no prepayment,permitted under scenario assumptions
CTR-0301,CUS-0301,2404810,USD,2023-09-01,2026-09-01,False,monthly deliverable synthetic service; no prepayment,permitted under scenario assumptions
CTR-0302,CUS-0302,2404810,USD,2023-09-01,2026-09-01,False,monthly deliverable synthetic service; no prepayment,permitted under scenario assumptions
CTR-0303,CUS-0303,2404810,USD,2023-09-01,2026-09-01,False,monthly deliverable synthetic service; no prepayment,permitted under scenario assumptions
CTR-0304,CUS-0304,2404810,USD,2023-09-01,2026-09-01,False,monthly deliverable synthetic service; no prepayment,permitted under scenario assumptions
CTR-0305,CUS-0305,2404810,USD,2023-09-01,2026-09-01,False,monthly deliverable synthetic service; no prepayment,permitted under scenario assumptions
CTR-0306,CUS-0306,2404810,USD,2023-09-01,2026-09-01,False,monthly deliverable synthetic service; no prepayment,permitted under scenario assumptions
CTR-0307,CUS-0307,2404810,USD,2023-09-01,2026-09-01,False,monthly deliverable synthetic service; no prepayment,permitted under scenario assumptions
CTR-0308,CUS-0308,2404810,USD,2023-09-01,2026-09-01,False,monthly deliverable synthetic service; no prepayment,permitted under scenario assumptions
CTR-0309,CUS-0309,2404810,USD,2023-09-01,2026-09-01,False,monthly deliverable synthetic service; no prepayment,permitted under scenario assumptions
CTR-0310,CUS-0310,2404810,USD,2023-09-01,2026-09-01,False,monthly deliverable synthetic service; no prepayment,permitted under scenario assumptions
CTR-0311,CUS-0311,2404809,USD,2023-09-01,2026-09-01,False,monthly deliverable synthetic service; no prepayment,permitted under scenario assumptions
CTR-0312,CUS-0312,2404809,USD,2023-09-01,2026-09-01,False,monthly deliverable synthetic service; no prepayment,permitted under scenario assumptions
CTR-0313,CUS-0313,2404809,USD,2023-09-01,2026-09-01,False,monthly deliverable synthetic service; no prepayment,permitted under scenario assumptions
CTR-0314,CUS-0314,2404809,USD,2023-09-01,2026-09-01,False,monthly deliverable synthetic service; no prepayment,permitted under scenario assumptions
CTR-0315,CUS-0315,2404809,USD,2023-09-01,2026-09-01,False,monthly deliverable synthetic service; no prepayment,permitted under scenario assumptions
CTR-0316,CUS-0316,2404809,USD,2023-09-01,2026-09-01,False,monthly deliverable synthetic service; no prepayment,permitted under scenario assumptions
CTR-0317,CUS-0317,2404809,USD,2023-09-01,2026-09-01,False,monthly deliverable synthetic service; no prepayment,permitted under scenario assumptions
CTR-0318,CUS-0318,2404809,USD,2023-09-01,2026-09-01,False,monthly deliverable synthetic service; no prepayment,permitted under scenario assumptions
CTR-0319,CUS-0319,2404809,USD,2023-09-01,2026-09-01,False,monthly deliverable synthetic service; no prepayment,permitted under scenario assumptions
CTR-0320,CUS-0320,2404809,USD,2023-09-01,2026-09-01,False,monthly deliverable synthetic service; no prepayment,permitted under scenario assumptions
CTR-0321,CUS-0321,2404809,USD,2023-09-01,2026-09-01,False,monthly deliverable synthetic service; no prepayment,permitted under scenario assumptions
CTR-0322,CUS-0322,2404809,USD,2023-09-01,2026-09-01,False,monthly deliverable synthetic service; no prepayment,permitted under scenario assumptions
CTR-0323,CUS-0323,2404809,USD,2023-09-01,2026-09-01,False,monthly deliverable synthetic service; no prepayment,permitted under scenario assumptions
CTR-0324,CUS-0324,2404809,USD,2023-09-01,2026-09-01,False,monthly deliverable synthetic service; no prepayment,permitted under scenario assumptions
CTR-0325,CUS-0325,2404809,USD,2023-09-01,2026-09-01,False,monthly deliverable synthetic service; no prepayment,permitted under scenario assumptions
CTR-0326,CUS-0326,2404809,USD,2023-09-01,2026-09-01,False,monthly deliverable synthetic service; no prepayment,permitted under scenario assumptions
CTR-0327,CUS-0327,2404809,USD,2023-09-01,2026-09-01,False,monthly deliverable synthetic service; no prepayment,permitted under scenario assumptions
CTR-0328,CUS-0328,2404809,USD,2023-09-01,2026-09-01,False,monthly deliverable synthetic service; no prepayment,permitted under scenario assumptions
CTR-0329,CUS-0329,2404809,USD,2023-09-01,2026-09-01,False,monthly deliverable synthetic service; no prepayment,permitted under scenario assumptions
CTR-0330,CUS-0330,2404809,USD,2023-09-01,2026-09-01,False,monthly deliverable synthetic service; no prepayment,permitted under scenario assumptions
CTR-0331,CUS-0331,2404809,USD,2023-09-01,2026-09-01,False,monthly deliverable synthetic service; no prepayment,permitted under scenario assumptions
CTR-0332,CUS-0332,2404809,USD,2023-09-01,2026-09-01,False,monthly deliverable synthetic service; no prepayment,permitted under scenario assumptions
CTR-0333,CUS-0333,2404809,USD,2023-09-01,2026-09-01,False,monthly deliverable synthetic service; no prepayment,permitted under scenario assumptions
CTR-0334,CUS-0334,2404809,USD,2023-09-01,2026-09-01,False,monthly deliverable synthetic service; no prepayment,permitted under scenario assumptions
CTR-0335,CUS-0335,2404809,USD,2023-09-01,2026-09-01,False,monthly deliverable synthetic service; no prepayment,permitted under scenario assumptions
CTR-0336,CUS-0336,2404809,USD,2023-09-01,2026-09-01,False,monthly deliverable synthetic service; no prepayment,permitted under scenario assumptions
CTR-0337,CUS-0337,2404809,USD,2023-09-01,2026-09-01,False,monthly deliverable synthetic service; no prepayment,permitted under scenario assumptions
CTR-0338,CUS-0338,2404809,USD,2023-09-01,2026-09-01,False,monthly deliverable synthetic service; no prepayment,permitted under scenario assumptions
CTR-0339,CUS-0339,2404809,USD,2023-09-01,2026-09-01,False,monthly deliverable synthetic service; no prepayment,permitted under scenario assumptions
CTR-0340,CUS-0340,2404809,USD,2023-09-01,2026-09-01,False,monthly deliverable synthetic service; no prepayment,permitted under scenario assumptions
CTR-0341,CUS-0341,2404809,USD,2023-09-01,2026-09-01,False,monthly deliverable synthetic service; no prepayment,permitted under scenario assumptions
CTR-0342,CUS-0342,2404809,USD,2023-09-01,2026-09-01,False,monthly deliverable synthetic service; no prepayment,permitted under scenario assumptions
CTR-0343,CUS-0343,2404809,USD,2023-09-01,2026-09-01,False,monthly deliverable synthetic service; no prepayment,permitted under scenario assumptions
CTR-0344,CUS-0344,2404809,USD,2023-09-01,2026-09-01,False,monthly deliverable synthetic service; no prepayment,permitted under scenario assumptions
CTR-0345,CUS-0345,2404809,USD,2023-09-01,2026-09-01,False,monthly deliverable synthetic service; no prepayment,permitted under scenario assumptions
CTR-0346,CUS-0346,2404809,USD,2023-09-01,2026-09-01,False,monthly deliverable synthetic service; no prepayment,permitted under scenario assumptions
CTR-0347,CUS-0347,2404809,USD,2023-09-01,2026-09-01,False,monthly deliverable synthetic service; no prepayment,permitted under scenario assumptions
CTR-0348,CUS-0348,2404809,USD,2023-09-01,2026-09-01,False,monthly deliverable synthetic service; no prepayment,permitted under scenario assumptions
CTR-0349,CUS-0349,2404809,USD,2023-09-01,2026-09-01,False,monthly deliverable synthetic service; no prepayment,permitted under scenario assumptions
CTR-0350,CUS-0350,2404809,USD,2023-09-01,2026-09-01,False,monthly deliverable synthetic service; no prepayment,permitted under scenario assumptions
CTR-0351,CUS-0351,2404809,USD,2023-09-01,2026-09-01,False,monthly deliverable synthetic service; no prepayment,permitted under scenario assumptions
CTR-0352,CUS-0352,2404809,USD,2023-09-01,2026-09-01,False,monthly deliverable synthetic service; no prepayment,permitted under scenario assumptions
CTR-0353,CUS-0353,2404809,USD,2023-09-01,2026-09-01,False,monthly deliverable synthetic service; no prepayment,permitted under scenario assumptions
CTR-0354,CUS-0354,2404809,USD,2023-09-01,2026-09-01,False,monthly deliverable synthetic service; no prepayment,permitted under scenario assumptions
CTR-0355,CUS-0355,2404809,USD,2023-09-01,2026-09-01,False,monthly deliverable synthetic service; no prepayment,permitted under scenario assumptions
CTR-0356,CUS-0356,2404809,USD,2023-09-01,2026-09-01,False,monthly deliverable synthetic service; no prepayment,permitted under scenario assumptions
CTR-0357,CUS-0357,2404809,USD,2023-09-01,2026-09-01,False,monthly deliverable synthetic service; no prepayment,permitted under scenario assumptions
CTR-0358,CUS-0358,2404809,USD,2023-09-01,2026-09-01,False,monthly deliverable synthetic service; no prepayment,permitted under scenario assumptions
CTR-0359,CUS-0359,2404809,USD,2023-09-01,2026-09-01,False,monthly deliverable synthetic service; no prepayment,permitted under scenario assumptions
CTR-0360,CUS-0360,2404809,USD,2023-09-01,2026-09-01,False,monthly deliverable synthetic service; no prepayment,permitted under scenario assumptions
CTR-0361,CUS-0361,2404809,USD,2023-09-01,2026-09-01,False,monthly deliverable synthetic service; no prepayment,permitted under scenario assumptions
CTR-0362,CUS-0362,2404809,USD,2023-09-01,2026-09-01,False,monthly deliverable synthetic service; no prepayment,permitted under scenario assumptions
CTR-0363,CUS-0363,2404809,USD,2023-09-01,2026-09-01,False,monthly deliverable synthetic service; no prepayment,permitted under scenario assumptions
CTR-0364,CUS-0364,2404809,USD,2023-09-01,2026-09-01,False,monthly deliverable synthetic service; no prepayment,permitted under scenario assumptions
CTR-0365,CUS-0365,2404809,USD,2023-09-01,2026-09-01,False,monthly deliverable synthetic service; no prepayment,permitted under scenario assumptions
CTR-0366,CUS-0366,2404809,USD,2023-09-01,2026-09-01,False,monthly deliverable synthetic service; no prepayment,permitted under scenario assumptions
CTR-0367,CUS-0367,2404809,USD,2023-09-01,2026-09-01,False,monthly deliverable synthetic service; no prepayment,permitted under scenario assumptions
CTR-0368,CUS-0368,2404809,USD,2023-09-01,2026-09-01,False,monthly deliverable synthetic service; no prepayment,permitted under scenario assumptions
CTR-0369,CUS-0369,2404809,USD,2023-09-01,2026-09-01,False,monthly deliverable synthetic service; no prepayment,permitted under scenario assumptions
CTR-0370,CUS-0370,2404809,USD,2023-09-01,2026-09-01,False,monthly deliverable synthetic service; no prepayment,permitted under scenario assumptions
CTR-0371,CUS-0371,2404809,USD,2023-09-01,2026-09-01,False,monthly deliverable synthetic service; no prepayment,permitted under scenario assumptions
CTR-0372,CUS-0372,2404809,USD,2023-09-01,2026-09-01,False,monthly deliverable synthetic service; no prepayment,permitted under scenario assumptions
CTR-0373,CUS-0373,2404809,USD,2023-09-01,2026-09-01,False,monthly deliverable synthetic service; no prepayment,permitted under scenario assumptions
CTR-0374,CUS-0374,2404809,USD,2023-09-01,2026-09-01,False,monthly deliverable synthetic service; no prepayment,permitted under scenario assumptions
CTR-0375,CUS-0375,2404809,USD,2023-09-01,2026-09-01,False,monthly deliverable synthetic service; no prepayment,permitted under scenario assumptions
CTR-0376,CUS-0376,2404809,USD,2023-09-01,2026-09-01,False,monthly deliverable synthetic service; no prepayment,permitted under scenario assumptions
CTR-0377,CUS-0377,2404809,USD,2023-09-01,2026-09-01,False,monthly deliverable synthetic service; no prepayment,permitted under scenario assumptions
CTR-0378,CUS-0378,2404809,USD,2023-09-01,2026-09-01,False,monthly deliverable synthetic service; no prepayment,permitted under scenario assumptions
CTR-0379,CUS-0379,2404809,USD,2023-09-01,2026-09-01,False,monthly deliverable synthetic service; no prepayment,permitted under scenario assumptions
CTR-0380,CUS-0380,2404809,USD,2023-09-01,2026-09-01,False,monthly deliverable synthetic service; no prepayment,permitted under scenario assumptions
CTR-0381,CUS-0381,2404809,USD,2023-09-01,2026-09-01,False,monthly deliverable synthetic service; no prepayment,permitted under scenario assumptions
CTR-0382,CUS-0382,2404809,USD,2023-09-01,2026-09-01,False,monthly deliverable synthetic service; no prepayment,permitted under scenario assumptions
CTR-0383,CUS-0383,2404809,USD,2023-09-01,2026-09-01,False,monthly deliverable synthetic service; no prepayment,permitted under scenario assumptions
CTR-0384,CUS-0384,2404809,USD,2023-09-01,2026-09-01,False,monthly deliverable synthetic service; no prepayment,permitted under scenario assumptions
CTR-0385,CUS-0385,2404809,USD,2023-09-01,2026-09-01,False,monthly deliverable synthetic service; no prepayment,permitted under scenario assumptions
CTR-0386,CUS-0386,2404809,USD,2023-09-01,2026-09-01,False,monthly deliverable synthetic service; no prepayment,permitted under scenario assumptions
CTR-0387,CUS-0387,2404809,USD,2023-09-01,2026-09-01,False,monthly deliverable synthetic service; no prepayment,permitted under scenario assumptions
CTR-0388,CUS-0388,2404809,USD,2023-09-01,2026-09-01,False,monthly deliverable synthetic service; no prepayment,permitted under scenario assumptions
CTR-0389,CUS-0389,2404809,USD,2023-09-01,2026-09-01,False,monthly deliverable synthetic service; no prepayment,permitted under scenario assumptions
CTR-0390,CUS-0390,2404809,USD,2023-09-01,2026-09-01,False,monthly deliverable synthetic service; no prepayment,permitted under scenario assumptions
CTR-0391,CUS-0391,2404809,USD,2023-09-01,2026-09-01,False,monthly deliverable synthetic service; no prepayment,permitted under scenario assumptions
CTR-0392,CUS-0392,2404809,USD,2023-09-01,2026-09-01,False,monthly deliverable synthetic service; no prepayment,permitted under scenario assumptions
CTR-0393,CUS-0393,2404809,USD,2023-09-01,2026-09-01,False,monthly deliverable synthetic service; no prepayment,permitted under scenario assumptions
CTR-0394,CUS-0394,2404809,USD,2023-09-01,2026-09-01,False,monthly deliverable synthetic service; no prepayment,permitted under scenario assumptions
CTR-0395,CUS-0395,2404809,USD,2023-09-01,2026-09-01,False,monthly deliverable synthetic service; no prepayment,permitted under scenario assumptions
CTR-0396,CUS-0396,2404809,USD,2023-09-01,2026-09-01,False,monthly deliverable synthetic service; no prepayment,permitted under scenario assumptions
CTR-0397,CUS-0397,2404809,USD,2023-09-01,2026-09-01,False,monthly deliverable synthetic service; no prepayment,permitted under scenario assumptions
CTR-0398,CUS-0398,2404809,USD,2023-09-01,2026-09-01,False,monthly deliverable synthetic service; no prepayment,permitted under scenario assumptions
CTR-0399,CUS-0399,2404809,USD,2023-09-01,2026-09-01,False,monthly deliverable synthetic service; no prepayment,permitted under scenario assumptions
CTR-0400,CUS-0400,2404809,USD,2023-09-01,2026-09-01,False,monthly deliverable synthetic service; no prepayment,permitted under scenario assumptions
CTR-0401,CUS-0401,2404809,USD,2023-09-01,2026-09-01,False,monthly deliverable synthetic service; no prepayment,permitted under scenario assumptions
CTR-0402,CUS-0402,2404809,USD,2023-09-01,2026-09-01,False,monthly deliverable synthetic service; no prepayment,permitted under scenario assumptions
CTR-0403,CUS-0403,2404809,USD,2023-09-01,2026-09-01,False,monthly deliverable synthetic service; no prepayment,permitted under scenario assumptions
CTR-0404,CUS-0404,2404809,USD,2023-09-01,2026-09-01,False,monthly deliverable synthetic service; no prepayment,permitted under scenario assumptions
CTR-0405,CUS-0405,2404809,USD,2023-09-01,2026-09-01,False,monthly deliverable synthetic service; no prepayment,permitted under scenario assumptions
CTR-0406,CUS-0406,2404809,USD,2023-09-01,2026-09-01,False,monthly deliverable synthetic service; no prepayment,permitted under scenario assumptions
CTR-0407,CUS-0407,2404809,USD,2023-09-01,2026-09-01,False,monthly deliverable synthetic service; no prepayment,permitted under scenario assumptions
CTR-0408,CUS-0408,2404809,USD,2023-09-01,2026-09-01,False,monthly deliverable synthetic service; no prepayment,permitted under scenario assumptions
CTR-0409,CUS-0409,2404809,USD,2023-09-01,2026-09-01,False,monthly deliverable synthetic service; no prepayment,permitted under scenario assumptions
CTR-0410,CUS-0410,2404809,USD,2023-09-01,2026-09-01,False,monthly deliverable synthetic service; no prepayment,permitted under scenario assumptions
CTR-0411,CUS-0411,2404809,USD,2023-09-01,2026-09-01,False,monthly deliverable synthetic service; no prepayment,permitted under scenario assumptions
CTR-0412,CUS-0412,2404809,USD,2023-09-01,2026-09-01,False,monthly deliverable synthetic service; no prepayment,permitted under scenario assumptions
CTR-0413,CUS-0413,2404809,USD,2023-09-01,2026-09-01,False,monthly deliverable synthetic service; no prepayment,permitted under scenario assumptions
CTR-0414,CUS-0414,2404809,USD,2023-09-01,2026-09-01,False,monthly deliverable synthetic service; no prepayment,permitted under scenario assumptions
CTR-0415,CUS-0415,2404809,USD,2023-09-01,2026-09-01,False,monthly deliverable synthetic service; no prepayment,permitted under scenario assumptions
CTR-0416,CUS-0416,2404809,USD,2023-09-01,2026-09-01,False,monthly deliverable synthetic service; no prepayment,permitted under scenario assumptions
CTR-0417,CUS-0417,2404809,USD,2023-09-01,2026-09-01,False,monthly deliverable synthetic service; no prepayment,permitted under scenario assumptions
CTR-0418,CUS-0418,2404809,USD,2023-09-01,2026-09-01,False,monthly deliverable synthetic service; no prepayment,permitted under scenario assumptions
CTR-0419,CUS-0419,2404809,USD,2023-09-01,2026-09-01,False,monthly deliverable synthetic service; no prepayment,permitted under scenario assumptions
CTR-0420,CUS-0420,2404809,USD,2023-09-01,2026-09-01,False,monthly deliverable synthetic service; no prepayment,permitted under scenario assumptions
CTR-0421,CUS-0421,2404809,USD,2023-09-01,2026-09-01,False,monthly deliverable synthetic service; no prepayment,permitted under scenario assumptions
CTR-0422,CUS-0422,2404809,USD,2023-09-01,2026-09-01,False,monthly deliverable synthetic service; no prepayment,permitted under scenario assumptions
CTR-0423,CUS-0423,2404809,USD,2023-09-01,2026-09-01,False,monthly deliverable synthetic service; no prepayment,permitted under scenario assumptions
CTR-0424,CUS-0424,2404809,USD,2023-09-01,2026-09-01,False,monthly deliverable synthetic service; no prepayment,permitted under scenario assumptions
CTR-0425,CUS-0425,2404809,USD,2023-09-01,2026-09-01,False,monthly deliverable synthetic service; no prepayment,permitted under scenario assumptions
CTR-0426,CUS-0426,2404809,USD,2023-09-01,2026-09-01,False,monthly deliverable synthetic service; no prepayment,permitted under scenario assumptions
CTR-0427,CUS-0427,2404809,USD,2023-09-01,2026-09-01,False,monthly deliverable synthetic service; no prepayment,permitted under scenario assumptions
CTR-0428,CUS-0428,2404809,USD,2023-09-01,2026-09-01,False,monthly deliverable synthetic service; no prepayment,permitted under scenario assumptions
CTR-0429,CUS-0429,2404809,USD,2023-09-01,2026-09-01,False,monthly deliverable synthetic service; no prepayment,permitted under scenario assumptions
CTR-0430,CUS-0430,2404809,USD,2023-09-01,2026-09-01,False,monthly deliverable synthetic service; no prepayment,permitted under scenario assumptions
CTR-0431,CUS-0431,2404809,USD,2023-09-01,2026-09-01,False,monthly deliverable synthetic service; no prepayment,permitted under scenario assumptions
CTR-0432,CUS-0432,2404809,USD,2023-09-01,2026-09-01,False,monthly deliverable synthetic service; no prepayment,permitted under scenario assumptions
CTR-0433,CUS-0433,2404809,USD,2023-09-01,2026-09-01,False,monthly deliverable synthetic service; no prepayment,permitted under scenario assumptions
CTR-0434,CUS-0434,2404809,USD,2023-09-01,2026-09-01,False,monthly deliverable synthetic service; no prepayment,permitted under scenario assumptions
CTR-0435,CUS-0435,2404809,USD,2023-09-01,2026-09-01,False,monthly deliverable synthetic service; no prepayment,permitted under scenario assumptions
CTR-0436,CUS-0436,2404809,USD,2023-09-01,2026-09-01,False,monthly deliverable synthetic service; no prepayment,permitted under scenario assumptions
CTR-0437,CUS-0437,2404809,USD,2023-09-01,2026-09-01,False,monthly deliverable synthetic service; no prepayment,permitted under scenario assumptions
CTR-0438,CUS-0438,2404809,USD,2023-09-01,2026-09-01,False,monthly deliverable synthetic service; no prepayment,permitted under scenario assumptions
CTR-0439,CUS-0439,2404809,USD,2023-09-01,2026-09-01,False,monthly deliverable synthetic service; no prepayment,permitted under scenario assumptions
CTR-0440,CUS-0440,2404809,USD,2023-09-01,2026-09-01,False,monthly deliverable synthetic service; no prepayment,permitted under scenario assumptions
CTR-0441,CUS-0441,2404809,USD,2023-09-01,2026-09-01,False,monthly deliverable synthetic service; no prepayment,permitted under scenario assumptions
CTR-0442,CUS-0442,2404809,USD,2023-09-01,2026-09-01,False,monthly deliverable synthetic service; no prepayment,permitted under scenario assumptions
CTR-0443,CUS-0443,2404809,USD,2023-09-01,2026-09-01,False,monthly deliverable synthetic service; no prepayment,permitted under scenario assumptions
CTR-0444,CUS-0444,2404809,USD,2023-09-01,2026-09-01,False,monthly deliverable synthetic service; no prepayment,permitted under scenario assumptions
CTR-0445,CUS-0445,2404809,USD,2023-09-01,2026-09-01,False,monthly deliverable synthetic service; no prepayment,permitted under scenario assumptions
CTR-0446,CUS-0446,2404809,USD,2023-09-01,2026-09-01,False,monthly deliverable synthetic service; no prepayment,permitted under scenario assumptions
CTR-0447,CUS-0447,2404809,USD,2023-09-01,2026-09-01,False,monthly deliverable synthetic service; no prepayment,permitted under scenario assumptions
CTR-0448,CUS-0448,2404809,USD,2023-09-01,2026-09-01,False,monthly deliverable synthetic service; no prepayment,permitted under scenario assumptions
CTR-0449,CUS-0449,2404809,USD,2023-09-01,2026-09-01,False,monthly deliverable synthetic service; no prepayment,permitted under scenario assumptions
CTR-0450,CUS-0450,2404809,USD,2023-09-01,2026-09-01,False,monthly deliverable synthetic service; no prepayment,permitted under scenario assumptions
CTR-0451,CUS-0451,2404809,USD,2023-09-01,2026-09-01,False,monthly deliverable synthetic service; no prepayment,permitted under scenario assumptions
CTR-0452,CUS-0452,2404809,USD,2023-09-01,2026-09-01,False,monthly deliverable synthetic service; no prepayment,permitted under scenario assumptions
CTR-0453,CUS-0453,2404809,USD,2023-09-01,2026-09-01,False,monthly deliverable synthetic service; no prepayment,permitted under scenario assumptions
CTR-0454,CUS-0454,2404809,USD,2023-09-01,2026-09-01,False,monthly deliverable synthetic service; no prepayment,permitted under scenario assumptions
CTR-0455,CUS-0455,2404809,USD,2023-09-01,2026-09-01,False,monthly deliverable synthetic service; no prepayment,permitted under scenario assumptions
CTR-0456,CUS-0456,2404809,USD,2023-09-01,2026-09-01,False,monthly deliverable synthetic service; no prepayment,permitted under scenario assumptions
CTR-0457,CUS-0457,2404809,USD,2023-09-01,2026-09-01,False,monthly deliverable synthetic service; no prepayment,permitted under scenario assumptions
CTR-0458,CUS-0458,2404809,USD,2023-09-01,2026-09-01,False,monthly deliverable synthetic service; no prepayment,permitted under scenario assumptions
CTR-0459,CUS-0459,2404809,USD,2023-09-01,2026-09-01,False,monthly deliverable synthetic service; no prepayment,permitted under scenario assumptions
CTR-0460,CUS-0460,2404809,USD,2023-09-01,2026-09-01,False,monthly deliverable synthetic service; no prepayment,permitted under scenario assumptions
CTR-0461,CUS-0461,2404809,USD,2023-09-01,2026-09-01,False,monthly deliverable synthetic service; no prepayment,permitted under scenario assumptions
CTR-0462,CUS-0462,2404809,USD,2023-09-01,2026-09-01,False,monthly deliverable synthetic service; no prepayment,permitted under scenario assumptions
CTR-0463,CUS-0463,2404809,USD,2023-09-01,2026-09-01,False,monthly deliverable synthetic service; no prepayment,permitted under scenario assumptions
CTR-0464,CUS-0464,2404809,USD,2023-09-01,2026-09-01,False,monthly deliverable synthetic service; no prepayment,permitted under scenario assumptions
CTR-0465,CUS-0465,2404809,USD,2023-09-01,2026-09-01,False,monthly deliverable synthetic service; no prepayment,permitted under scenario assumptions
CTR-0466,CUS-0466,2404809,USD,2023-09-01,2026-09-01,False,monthly deliverable synthetic service; no prepayment,permitted under scenario assumptions
CTR-0467,CUS-0467,2404809,USD,2023-09-01,2026-09-01,False,monthly deliverable synthetic service; no prepayment,permitted under scenario assumptions
CTR-0468,CUS-0468,2404809,USD,2023-09-01,2026-09-01,False,monthly deliverable synthetic service; no prepayment,permitted under scenario assumptions
CTR-0469,CUS-0469,2404809,USD,2023-09-01,2026-09-01,False,monthly deliverable synthetic service; no prepayment,permitted under scenario assumptions
CTR-0470,CUS-0470,2404809,USD,2023-09-01,2026-09-01,False,monthly deliverable synthetic service; no prepayment,permitted under scenario assumptions
CTR-0471,CUS-0471,2404809,USD,2023-09-01,2026-09-01,False,monthly deliverable synthetic service; no prepayment,permitted under scenario assumptions
CTR-0472,CUS-0472,2404809,USD,2023-09-01,2026-09-01,False,monthly deliverable synthetic service; no prepayment,permitted under scenario assumptions
CTR-0473,CUS-0473,2404809,USD,2023-09-01,2026-09-01,False,monthly deliverable synthetic service; no prepayment,permitted under scenario assumptions
CTR-0474,CUS-0474,2404809,USD,2023-09-01,2026-09-01,False,monthly deliverable synthetic service; no prepayment,permitted under scenario assumptions
CTR-0475,CUS-0475,2404809,USD,2023-09-01,2026-09-01,False,monthly deliverable synthetic service; no prepayment,permitted under scenario assumptions
CTR-0476,CUS-0476,2404809,USD,2023-09-01,2026-09-01,False,monthly deliverable synthetic service; no prepayment,permitted under scenario assumptions
CTR-0477,CUS-0477,2404809,USD,2023-09-01,2026-09-01,False,monthly deliverable synthetic service; no prepayment,permitted under scenario assumptions
CTR-0478,CUS-0478,2404809,USD,2023-09-01,2026-09-01,False,monthly deliverable synthetic service; no prepayment,permitted under scenario assumptions
CTR-0479,CUS-0479,2404809,USD,2023-09-01,2026-09-01,False,monthly deliverable synthetic service; no prepayment,permitted under scenario assumptions
CTR-0480,CUS-0480,2404809,USD,2023-09-01,2026-09-01,False,monthly deliverable synthetic service; no prepayment,permitted under scenario assumptions
CTR-0481,CUS-0481,2404809,USD,2023-09-01,2026-09-01,False,monthly deliverable synthetic service; no prepayment,permitted under scenario assumptions
CTR-0482,CUS-0482,2404809,USD,2023-09-01,2026-09-01,False,monthly deliverable synthetic service; no prepayment,permitted under scenario assumptions
CTR-0483,CUS-0483,2404809,USD,2023-09-01,2026-09-01,False,monthly deliverable synthetic service; no prepayment,permitted under scenario assumptions
CTR-0484,CUS-0484,2404809,USD,2023-09-01,2026-09-01,False,monthly deliverable synthetic service; no prepayment,permitted under scenario assumptions
CTR-0485,CUS-0485,2404809,USD,2023-09-01,2026-09-01,False,monthly deliverable synthetic service; no prepayment,permitted under scenario assumptions
CTR-0486,CUS-0486,2404809,USD,2023-09-01,2026-09-01,False,monthly deliverable synthetic service; no prepayment,permitted under scenario assumptions
CTR-0487,CUS-0487,2404809,USD,2023-09-01,2026-09-01,False,monthly deliverable synthetic service; no prepayment,permitted under scenario assumptions
CTR-0488,CUS-0488,2404809,USD,2023-09-01,2026-09-01,False,monthly deliverable synthetic service; no prepayment,permitted under scenario assumptions
CTR-0489,CUS-0489,2404809,USD,2023-09-01,2026-09-01,False,monthly deliverable synthetic service; no prepayment,permitted under scenario assumptions
CTR-0490,CUS-0490,2404809,USD,2023-09-01,2026-09-01,False,monthly deliverable synthetic service; no prepayment,permitted under scenario assumptions
CTR-0491,CUS-0491,2404809,USD,2023-09-01,2026-09-01,False,monthly deliverable synthetic service; no prepayment,permitted under scenario assumptions
CTR-0492,CUS-0492,2404809,USD,2023-09-01,2026-09-01,False,monthly deliverable synthetic service; no prepayment,permitted under scenario assumptions
CTR-0493,CUS-0493,2404809,USD,2023-09-01,2026-09-01,False,monthly deliverable synthetic service; no prepayment,permitted under scenario assumptions
CTR-0494,CUS-0494,2404809,USD,2023-09-01,2026-09-01,False,monthly deliverable synthetic service; no prepayment,permitted under scenario assumptions
CTR-0495,CUS-0495,2404809,USD,2023-09-01,2026-09-01,False,monthly deliverable synthetic service; no prepayment,permitted under scenario assumptions
CTR-0496,CUS-0496,2404809,USD,2023-09-01,2026-09-01,False,monthly deliverable synthetic service; no prepayment,permitted under scenario assumptions
CTR-0497,CUS-0497,2404809,USD,2023-09-01,2026-09-01,False,monthly deliverable synthetic service; no prepayment,permitted under scenario assumptions
CTR-0498,CUS-0498,2404809,USD,2023-09-01,2026-09-01,False,monthly deliverable synthetic service; no prepayment,permitted under scenario assumptions
CTR-0499,CUS-0499,2404809,USD,2023-09-01,2026-09-01,False,monthly deliverable synthetic service; no prepayment,permitted under scenario assumptions
CTR-0500,CUS-0500,2404809,USD,2023-09-01,2026-09-01,False,monthly deliverable synthetic service; no prepayment,permitted under scenario assumptions
