customer_id,entity_id,name,product,mrr_cents,contract_id,change_control_consent
CUS-0001,ENT-02,Synthetic Customer 0001,inference,300000000,CTR-0001,True
CUS-0002,ENT-03,Synthetic Customer 0002,reserved_gpu,2404810,CTR-0002,False
CUS-0003,ENT-04,Synthetic Customer 0003,dataset_pipeline,2404810,CTR-0003,False
CUS-0004,ENT-05,Synthetic Customer 0004,inference,2404810,CTR-0004,False
CUS-0005,ENT-06,Synthetic Customer 0005,reserved_gpu,2404810,CTR-0005,False
CUS-0006,ENT-02,Synthetic Customer 0006,dataset_pipeline,2404810,CTR-0006,False
CUS-0007,ENT-03,Synthetic Customer 0007,inference,2404810,CTR-0007,False
CUS-0008,ENT-04,Synthetic Customer 0008,reserved_gpu,2404810,CTR-0008,False
CUS-0009,ENT-05,Synthetic Customer 0009,dataset_pipeline,2404810,CTR-0009,False
CUS-0010,ENT-06,Synthetic Customer 0010,inference,2404810,CTR-0010,False
CUS-0011,ENT-02,Synthetic Customer 0011,reserved_gpu,2404810,CTR-0011,False
CUS-0012,ENT-03,Synthetic Customer 0012,dataset_pipeline,2404810,CTR-0012,False
CUS-0013,ENT-04,Synthetic Customer 0013,inference,2404810,CTR-0013,False
CUS-0014,ENT-05,Synthetic Customer 0014,reserved_gpu,2404810,CTR-0014,False
CUS-0015,ENT-06,Synthetic Customer 0015,dataset_pipeline,2404810,CTR-0015,False
CUS-0016,ENT-02,Synthetic Customer 0016,inference,2404810,CTR-0016,False
CUS-0017,ENT-03,Synthetic Customer 0017,reserved_gpu,2404810,CTR-0017,False
CUS-0018,ENT-04,Synthetic Customer 0018,dataset_pipeline,2404810,CTR-0018,False
CUS-0019,ENT-05,Synthetic Customer 0019,inference,2404810,CTR-0019,False
CUS-0020,ENT-06,Synthetic Customer 0020,reserved_gpu,2404810,CTR-0020,False
CUS-0021,ENT-02,Synthetic Customer 0021,dataset_pipeline,2404810,CTR-0021,False
CUS-0022,ENT-03,Synthetic Customer 0022,inference,2404810,CTR-0022,False
CUS-0023,ENT-04,Synthetic Customer 0023,reserved_gpu,2404810,CTR-0023,False
CUS-0024,ENT-05,Synthetic Customer 0024,dataset_pipeline,2404810,CTR-0024,False
CUS-0025,ENT-06,Synthetic Customer 0025,inference,2404810,CTR-0025,False
CUS-0026,ENT-02,Synthetic Customer 0026,reserved_gpu,2404810,CTR-0026,False
CUS-0027,ENT-03,Synthetic Customer 0027,dataset_pipeline,2404810,CTR-0027,False
CUS-0028,ENT-04,Synthetic Customer 0028,inference,2404810,CTR-0028,False
CUS-0029,ENT-05,Synthetic Customer 0029,reserved_gpu,2404810,CTR-0029,False
CUS-0030,ENT-06,Synthetic Customer 0030,dataset_pipeline,2404810,CTR-0030,False
CUS-0031,ENT-02,Synthetic Customer 0031,inference,2404810,CTR-0031,False
CUS-0032,ENT-03,Synthetic Customer 0032,reserved_gpu,2404810,CTR-0032,False
CUS-0033,ENT-04,Synthetic Customer 0033,dataset_pipeline,2404810,CTR-0033,False
CUS-0034,ENT-05,Synthetic Customer 0034,inference,2404810,CTR-0034,False
CUS-0035,ENT-06,Synthetic Customer 0035,reserved_gpu,2404810,CTR-0035,False
CUS-0036,ENT-02,Synthetic Customer 0036,dataset_pipeline,2404810,CTR-0036,False
CUS-0037,ENT-03,Synthetic Customer 0037,inference,2404810,CTR-0037,False
CUS-0038,ENT-04,Synthetic Customer 0038,reserved_gpu,2404810,CTR-0038,False
CUS-0039,ENT-05,Synthetic Customer 0039,dataset_pipeline,2404810,CTR-0039,False
CUS-0040,ENT-06,Synthetic Customer 0040,inference,2404810,CTR-0040,False
CUS-0041,ENT-02,Synthetic Customer 0041,reserved_gpu,2404810,CTR-0041,False
CUS-0042,ENT-03,Synthetic Customer 0042,dataset_pipeline,2404810,CTR-0042,False
CUS-0043,ENT-04,Synthetic Customer 0043,inference,2404810,CTR-0043,False
CUS-0044,ENT-05,Synthetic Customer 0044,reserved_gpu,2404810,CTR-0044,False
CUS-0045,ENT-06,Synthetic Customer 0045,dataset_pipeline,2404810,CTR-0045,False
CUS-0046,ENT-02,Synthetic Customer 0046,inference,2404810,CTR-0046,False
CUS-0047,ENT-03,Synthetic Customer 0047,reserved_gpu,2404810,CTR-0047,False
CUS-0048,ENT-04,Synthetic Customer 0048,dataset_pipeline,2404810,CTR-0048,False
CUS-0049,ENT-05,Synthetic Customer 0049,inference,2404810,CTR-0049,False
CUS-0050,ENT-06,Synthetic Customer 0050,reserved_gpu,2404810,CTR-0050,False
CUS-0051,ENT-02,Synthetic Customer 0051,dataset_pipeline,2404810,CTR-0051,False
CUS-0052,ENT-03,Synthetic Customer 0052,inference,2404810,CTR-0052,False
CUS-0053,ENT-04,Synthetic Customer 0053,reserved_gpu,2404810,CTR-0053,False
CUS-0054,ENT-05,Synthetic Customer 0054,dataset_pipeline,2404810,CTR-0054,False
CUS-0055,ENT-06,Synthetic Customer 0055,inference,2404810,CTR-0055,False
CUS-0056,ENT-02,Synthetic Customer 0056,reserved_gpu,2404810,CTR-0056,False
CUS-0057,ENT-03,Synthetic Customer 0057,dataset_pipeline,2404810,CTR-0057,False
CUS-0058,ENT-04,Synthetic Customer 0058,inference,2404810,CTR-0058,False
CUS-0059,ENT-05,Synthetic Customer 0059,reserved_gpu,2404810,CTR-0059,False
CUS-0060,ENT-06,Synthetic Customer 0060,dataset_pipeline,2404810,CTR-0060,False
CUS-0061,ENT-02,Synthetic Customer 0061,inference,2404810,CTR-0061,False
CUS-0062,ENT-03,Synthetic Customer 0062,reserved_gpu,2404810,CTR-0062,False
CUS-0063,ENT-04,Synthetic Customer 0063,dataset_pipeline,2404810,CTR-0063,False
CUS-0064,ENT-05,Synthetic Customer 0064,inference,2404810,CTR-0064,False
CUS-0065,ENT-06,Synthetic Customer 0065,reserved_gpu,2404810,CTR-0065,False
CUS-0066,ENT-02,Synthetic Customer 0066,dataset_pipeline,2404810,CTR-0066,False
CUS-0067,ENT-03,Synthetic Customer 0067,inference,2404810,CTR-0067,False
CUS-0068,ENT-04,Synthetic Customer 0068,reserved_gpu,2404810,CTR-0068,False
CUS-0069,ENT-05,Synthetic Customer 0069,dataset_pipeline,2404810,CTR-0069,False
CUS-0070,ENT-06,Synthetic Customer 0070,inference,2404810,CTR-0070,False
CUS-0071,ENT-02,Synthetic Customer 0071,reserved_gpu,2404810,CTR-0071,False
CUS-0072,ENT-03,Synthetic Customer 0072,dataset_pipeline,2404810,CTR-0072,False
CUS-0073,ENT-04,Synthetic Customer 0073,inference,2404810,CTR-0073,False
CUS-0074,ENT-05,Synthetic Customer 0074,reserved_gpu,2404810,CTR-0074,False
CUS-0075,ENT-06,Synthetic Customer 0075,dataset_pipeline,2404810,CTR-0075,False
CUS-0076,ENT-02,Synthetic Customer 0076,inference,2404810,CTR-0076,False
CUS-0077,ENT-03,Synthetic Customer 0077,reserved_gpu,2404810,CTR-0077,False
CUS-0078,ENT-04,Synthetic Customer 0078,dataset_pipeline,2404810,CTR-0078,False
CUS-0079,ENT-05,Synthetic Customer 0079,inference,2404810,CTR-0079,False
CUS-0080,ENT-06,Synthetic Customer 0080,reserved_gpu,2404810,CTR-0080,False
CUS-0081,ENT-02,Synthetic Customer 0081,dataset_pipeline,2404810,CTR-0081,False
CUS-0082,ENT-03,Synthetic Customer 0082,inference,2404810,CTR-0082,False
CUS-0083,ENT-04,Synthetic Customer 0083,reserved_gpu,2404810,CTR-0083,False
CUS-0084,ENT-05,Synthetic Customer 0084,dataset_pipeline,2404810,CTR-0084,False
CUS-0085,ENT-06,Synthetic Customer 0085,inference,2404810,CTR-0085,False
CUS-0086,ENT-02,Synthetic Customer 0086,reserved_gpu,2404810,CTR-0086,False
CUS-0087,ENT-03,Synthetic Customer 0087,dataset_pipeline,2404810,CTR-0087,False
CUS-0088,ENT-04,Synthetic Customer 0088,inference,2404810,CTR-0088,False
CUS-0089,ENT-05,Synthetic Customer 0089,reserved_gpu,2404810,CTR-0089,False
CUS-0090,ENT-06,Synthetic Customer 0090,dataset_pipeline,2404810,CTR-0090,False
CUS-0091,ENT-02,Synthetic Customer 0091,inference,2404810,CTR-0091,False
CUS-0092,ENT-03,Synthetic Customer 0092,reserved_gpu,2404810,CTR-0092,False
CUS-0093,ENT-04,Synthetic Customer 0093,dataset_pipeline,2404810,CTR-0093,False
CUS-0094,ENT-05,Synthetic Customer 0094,inference,2404810,CTR-0094,False
CUS-0095,ENT-06,Synthetic Customer 0095,reserved_gpu,2404810,CTR-0095,False
CUS-0096,ENT-02,Synthetic Customer 0096,dataset_pipeline,2404810,CTR-0096,False
CUS-0097,ENT-03,Synthetic Customer 0097,inference,2404810,CTR-0097,False
CUS-0098,ENT-04,Synthetic Customer 0098,reserved_gpu,2404810,CTR-0098,False
CUS-0099,ENT-05,Synthetic Customer 0099,dataset_pipeline,2404810,CTR-0099,False
CUS-0100,ENT-06,Synthetic Customer 0100,inference,2404810,CTR-0100,False
CUS-0101,ENT-02,Synthetic Customer 0101,reserved_gpu,2404810,CTR-0101,False
CUS-0102,ENT-03,Synthetic Customer 0102,dataset_pipeline,2404810,CTR-0102,False
CUS-0103,ENT-04,Synthetic Customer 0103,inference,2404810,CTR-0103,False
CUS-0104,ENT-05,Synthetic Customer 0104,reserved_gpu,2404810,CTR-0104,False
CUS-0105,ENT-06,Synthetic Customer 0105,dataset_pipeline,2404810,CTR-0105,False
CUS-0106,ENT-02,Synthetic Customer 0106,inference,2404810,CTR-0106,False
CUS-0107,ENT-03,Synthetic Customer 0107,reserved_gpu,2404810,CTR-0107,False
CUS-0108,ENT-04,Synthetic Customer 0108,dataset_pipeline,2404810,CTR-0108,False
CUS-0109,ENT-05,Synthetic Customer 0109,inference,2404810,CTR-0109,False
CUS-0110,ENT-06,Synthetic Customer 0110,reserved_gpu,2404810,CTR-0110,False
CUS-0111,ENT-02,Synthetic Customer 0111,dataset_pipeline,2404810,CTR-0111,False
CUS-0112,ENT-03,Synthetic Customer 0112,inference,2404810,CTR-0112,False
CUS-0113,ENT-04,Synthetic Customer 0113,reserved_gpu,2404810,CTR-0113,False
CUS-0114,ENT-05,Synthetic Customer 0114,dataset_pipeline,2404810,CTR-0114,False
CUS-0115,ENT-06,Synthetic Customer 0115,inference,2404810,CTR-0115,False
CUS-0116,ENT-02,Synthetic Customer 0116,reserved_gpu,2404810,CTR-0116,False
CUS-0117,ENT-03,Synthetic Customer 0117,dataset_pipeline,2404810,CTR-0117,False
CUS-0118,ENT-04,Synthetic Customer 0118,inference,2404810,CTR-0118,False
CUS-0119,ENT-05,Synthetic Customer 0119,reserved_gpu,2404810,CTR-0119,False
CUS-0120,ENT-06,Synthetic Customer 0120,dataset_pipeline,2404810,CTR-0120,False
CUS-0121,ENT-02,Synthetic Customer 0121,inference,2404810,CTR-0121,False
CUS-0122,ENT-03,Synthetic Customer 0122,reserved_gpu,2404810,CTR-0122,False
CUS-0123,ENT-04,Synthetic Customer 0123,dataset_pipeline,2404810,CTR-0123,False
CUS-0124,ENT-05,Synthetic Customer 0124,inference,2404810,CTR-0124,False
CUS-0125,ENT-06,Synthetic Customer 0125,reserved_gpu,2404810,CTR-0125,False
CUS-0126,ENT-02,Synthetic Customer 0126,dataset_pipeline,2404810,CTR-0126,False
CUS-0127,ENT-03,Synthetic Customer 0127,inference,2404810,CTR-0127,False
CUS-0128,ENT-04,Synthetic Customer 0128,reserved_gpu,2404810,CTR-0128,False
CUS-0129,ENT-05,Synthetic Customer 0129,dataset_pipeline,2404810,CTR-0129,False
CUS-0130,ENT-06,Synthetic Customer 0130,inference,2404810,CTR-0130,False
CUS-0131,ENT-02,Synthetic Customer 0131,reserved_gpu,2404810,CTR-0131,False
CUS-0132,ENT-03,Synthetic Customer 0132,dataset_pipeline,2404810,CTR-0132,False
CUS-0133,ENT-04,Synthetic Customer 0133,inference,2404810,CTR-0133,False
CUS-0134,ENT-05,Synthetic Customer 0134,reserved_gpu,2404810,CTR-0134,False
CUS-0135,ENT-06,Synthetic Customer 0135,dataset_pipeline,2404810,CTR-0135,False
CUS-0136,ENT-02,Synthetic Customer 0136,inference,2404810,CTR-0136,False
CUS-0137,ENT-03,Synthetic Customer 0137,reserved_gpu,2404810,CTR-0137,False
CUS-0138,ENT-04,Synthetic Customer 0138,dataset_pipeline,2404810,CTR-0138,False
CUS-0139,ENT-05,Synthetic Customer 0139,inference,2404810,CTR-0139,False
CUS-0140,ENT-06,Synthetic Customer 0140,reserved_gpu,2404810,CTR-0140,False
CUS-0141,ENT-02,Synthetic Customer 0141,dataset_pipeline,2404810,CTR-0141,False
CUS-0142,ENT-03,Synthetic Customer 0142,inference,2404810,CTR-0142,False
CUS-0143,ENT-04,Synthetic Customer 0143,reserved_gpu,2404810,CTR-0143,False
CUS-0144,ENT-05,Synthetic Customer 0144,dataset_pipeline,2404810,CTR-0144,False
CUS-0145,ENT-06,Synthetic Customer 0145,inference,2404810,CTR-0145,False
CUS-0146,ENT-02,Synthetic Customer 0146,reserved_gpu,2404810,CTR-0146,False
CUS-0147,ENT-03,Synthetic Customer 0147,dataset_pipeline,2404810,CTR-0147,False
CUS-0148,ENT-04,Synthetic Customer 0148,inference,2404810,CTR-0148,False
CUS-0149,ENT-05,Synthetic Customer 0149,reserved_gpu,2404810,CTR-0149,False
CUS-0150,ENT-06,Synthetic Customer 0150,dataset_pipeline,2404810,CTR-0150,False
CUS-0151,ENT-02,Synthetic Customer 0151,inference,2404810,CTR-0151,False
CUS-0152,ENT-03,Synthetic Customer 0152,reserved_gpu,2404810,CTR-0152,False
CUS-0153,ENT-04,Synthetic Customer 0153,dataset_pipeline,2404810,CTR-0153,False
CUS-0154,ENT-05,Synthetic Customer 0154,inference,2404810,CTR-0154,False
CUS-0155,ENT-06,Synthetic Customer 0155,reserved_gpu,2404810,CTR-0155,False
CUS-0156,ENT-02,Synthetic Customer 0156,dataset_pipeline,2404810,CTR-0156,False
CUS-0157,ENT-03,Synthetic Customer 0157,inference,2404810,CTR-0157,False
CUS-0158,ENT-04,Synthetic Customer 0158,reserved_gpu,2404810,CTR-0158,False
CUS-0159,ENT-05,Synthetic Customer 0159,dataset_pipeline,2404810,CTR-0159,False
CUS-0160,ENT-06,Synthetic Customer 0160,inference,2404810,CTR-0160,False
CUS-0161,ENT-02,Synthetic Customer 0161,reserved_gpu,2404810,CTR-0161,False
CUS-0162,ENT-03,Synthetic Customer 0162,dataset_pipeline,2404810,CTR-0162,False
CUS-0163,ENT-04,Synthetic Customer 0163,inference,2404810,CTR-0163,False
CUS-0164,ENT-05,Synthetic Customer 0164,reserved_gpu,2404810,CTR-0164,False
CUS-0165,ENT-06,Synthetic Customer 0165,dataset_pipeline,2404810,CTR-0165,False
CUS-0166,ENT-02,Synthetic Customer 0166,inference,2404810,CTR-0166,False
CUS-0167,ENT-03,Synthetic Customer 0167,reserved_gpu,2404810,CTR-0167,False
CUS-0168,ENT-04,Synthetic Customer 0168,dataset_pipeline,2404810,CTR-0168,False
CUS-0169,ENT-05,Synthetic Customer 0169,inference,2404810,CTR-0169,False
CUS-0170,ENT-06,Synthetic Customer 0170,reserved_gpu,2404810,CTR-0170,False
CUS-0171,ENT-02,Synthetic Customer 0171,dataset_pipeline,2404810,CTR-0171,False
CUS-0172,ENT-03,Synthetic Customer 0172,inference,2404810,CTR-0172,False
CUS-0173,ENT-04,Synthetic Customer 0173,reserved_gpu,2404810,CTR-0173,False
CUS-0174,ENT-05,Synthetic Customer 0174,dataset_pipeline,2404810,CTR-0174,False
CUS-0175,ENT-06,Synthetic Customer 0175,inference,2404810,CTR-0175,False
CUS-0176,ENT-02,Synthetic Customer 0176,reserved_gpu,2404810,CTR-0176,False
CUS-0177,ENT-03,Synthetic Customer 0177,dataset_pipeline,2404810,CTR-0177,False
CUS-0178,ENT-04,Synthetic Customer 0178,inference,2404810,CTR-0178,False
CUS-0179,ENT-05,Synthetic Customer 0179,reserved_gpu,2404810,CTR-0179,False
CUS-0180,ENT-06,Synthetic Customer 0180,dataset_pipeline,2404810,CTR-0180,False
CUS-0181,ENT-02,Synthetic Customer 0181,inference,2404810,CTR-0181,False
CUS-0182,ENT-03,Synthetic Customer 0182,reserved_gpu,2404810,CTR-0182,False
CUS-0183,ENT-04,Synthetic Customer 0183,dataset_pipeline,2404810,CTR-0183,False
CUS-0184,ENT-05,Synthetic Customer 0184,inference,2404810,CTR-0184,False
CUS-0185,ENT-06,Synthetic Customer 0185,reserved_gpu,2404810,CTR-0185,False
CUS-0186,ENT-02,Synthetic Customer 0186,dataset_pipeline,2404810,CTR-0186,False
CUS-0187,ENT-03,Synthetic Customer 0187,inference,2404810,CTR-0187,False
CUS-0188,ENT-04,Synthetic Customer 0188,reserved_gpu,2404810,CTR-0188,False
CUS-0189,ENT-05,Synthetic Customer 0189,dataset_pipeline,2404810,CTR-0189,False
CUS-0190,ENT-06,Synthetic Customer 0190,inference,2404810,CTR-0190,False
CUS-0191,ENT-02,Synthetic Customer 0191,reserved_gpu,2404810,CTR-0191,False
CUS-0192,ENT-03,Synthetic Customer 0192,dataset_pipeline,2404810,CTR-0192,False
CUS-0193,ENT-04,Synthetic Customer 0193,inference,2404810,CTR-0193,False
CUS-0194,ENT-05,Synthetic Customer 0194,reserved_gpu,2404810,CTR-0194,False
CUS-0195,ENT-06,Synthetic Customer 0195,dataset_pipeline,2404810,CTR-0195,False
CUS-0196,ENT-02,Synthetic Customer 0196,inference,2404810,CTR-0196,False
CUS-0197,ENT-03,Synthetic Customer 0197,reserved_gpu,2404810,CTR-0197,False
CUS-0198,ENT-04,Synthetic Customer 0198,dataset_pipeline,2404810,CTR-0198,False
CUS-0199,ENT-05,Synthetic Customer 0199,inference,2404810,CTR-0199,False
CUS-0200,ENT-06,Synthetic Customer 0200,reserved_gpu,2404810,CTR-0200,False
CUS-0201,ENT-02,Synthetic Customer 0201,dataset_pipeline,2404810,CTR-0201,False
CUS-0202,ENT-03,Synthetic Customer 0202,inference,2404810,CTR-0202,False
CUS-0203,ENT-04,Synthetic Customer 0203,reserved_gpu,2404810,CTR-0203,False
CUS-0204,ENT-05,Synthetic Customer 0204,dataset_pipeline,2404810,CTR-0204,False
CUS-0205,ENT-06,Synthetic Customer 0205,inference,2404810,CTR-0205,False
CUS-0206,ENT-02,Synthetic Customer 0206,reserved_gpu,2404810,CTR-0206,False
CUS-0207,ENT-03,Synthetic Customer 0207,dataset_pipeline,2404810,CTR-0207,False
CUS-0208,ENT-04,Synthetic Customer 0208,inference,2404810,CTR-0208,False
CUS-0209,ENT-05,Synthetic Customer 0209,reserved_gpu,2404810,CTR-0209,False
CUS-0210,ENT-06,Synthetic Customer 0210,dataset_pipeline,2404810,CTR-0210,False
CUS-0211,ENT-02,Synthetic Customer 0211,inference,2404810,CTR-0211,False
CUS-0212,ENT-03,Synthetic Customer 0212,reserved_gpu,2404810,CTR-0212,False
CUS-0213,ENT-04,Synthetic Customer 0213,dataset_pipeline,2404810,CTR-0213,False
CUS-0214,ENT-05,Synthetic Customer 0214,inference,2404810,CTR-0214,False
CUS-0215,ENT-06,Synthetic Customer 0215,reserved_gpu,2404810,CTR-0215,False
CUS-0216,ENT-02,Synthetic Customer 0216,dataset_pipeline,2404810,CTR-0216,False
CUS-0217,ENT-03,Synthetic Customer 0217,inference,2404810,CTR-0217,False
CUS-0218,ENT-04,Synthetic Customer 0218,reserved_gpu,2404810,CTR-0218,False
CUS-0219,ENT-05,Synthetic Customer 0219,dataset_pipeline,2404810,CTR-0219,False
CUS-0220,ENT-06,Synthetic Customer 0220,inference,2404810,CTR-0220,False
CUS-0221,ENT-02,Synthetic Customer 0221,reserved_gpu,2404810,CTR-0221,False
CUS-0222,ENT-03,Synthetic Customer 0222,dataset_pipeline,2404810,CTR-0222,False
CUS-0223,ENT-04,Synthetic Customer 0223,inference,2404810,CTR-0223,False
CUS-0224,ENT-05,Synthetic Customer 0224,reserved_gpu,2404810,CTR-0224,False
CUS-0225,ENT-06,Synthetic Customer 0225,dataset_pipeline,2404810,CTR-0225,False
CUS-0226,ENT-02,Synthetic Customer 0226,inference,2404810,CTR-0226,False
CUS-0227,ENT-03,Synthetic Customer 0227,reserved_gpu,2404810,CTR-0227,False
CUS-0228,ENT-04,Synthetic Customer 0228,dataset_pipeline,2404810,CTR-0228,False
CUS-0229,ENT-05,Synthetic Customer 0229,inference,2404810,CTR-0229,False
CUS-0230,ENT-06,Synthetic Customer 0230,reserved_gpu,2404810,CTR-0230,False
CUS-0231,ENT-02,Synthetic Customer 0231,dataset_pipeline,2404810,CTR-0231,False
CUS-0232,ENT-03,Synthetic Customer 0232,inference,2404810,CTR-0232,False
CUS-0233,ENT-04,Synthetic Customer 0233,reserved_gpu,2404810,CTR-0233,False
CUS-0234,ENT-05,Synthetic Customer 0234,dataset_pipeline,2404810,CTR-0234,False
CUS-0235,ENT-06,Synthetic Customer 0235,inference,2404810,CTR-0235,False
CUS-0236,ENT-02,Synthetic Customer 0236,reserved_gpu,2404810,CTR-0236,False
CUS-0237,ENT-03,Synthetic Customer 0237,dataset_pipeline,2404810,CTR-0237,False
CUS-0238,ENT-04,Synthetic Customer 0238,inference,2404810,CTR-0238,False
CUS-0239,ENT-05,Synthetic Customer 0239,reserved_gpu,2404810,CTR-0239,False
CUS-0240,ENT-06,Synthetic Customer 0240,dataset_pipeline,2404810,CTR-0240,False
CUS-0241,ENT-02,Synthetic Customer 0241,inference,2404810,CTR-0241,False
CUS-0242,ENT-03,Synthetic Customer 0242,reserved_gpu,2404810,CTR-0242,False
CUS-0243,ENT-04,Synthetic Customer 0243,dataset_pipeline,2404810,CTR-0243,False
CUS-0244,ENT-05,Synthetic Customer 0244,inference,2404810,CTR-0244,False
CUS-0245,ENT-06,Synthetic Customer 0245,reserved_gpu,2404810,CTR-0245,False
CUS-0246,ENT-02,Synthetic Customer 0246,dataset_pipeline,2404810,CTR-0246,False
CUS-0247,ENT-03,Synthetic Customer 0247,inference,2404810,CTR-0247,False
CUS-0248,ENT-04,Synthetic Customer 0248,reserved_gpu,2404810,CTR-0248,False
CUS-0249,ENT-05,Synthetic Customer 0249,dataset_pipeline,2404810,CTR-0249,False
CUS-0250,ENT-06,Synthetic Customer 0250,inference,2404810,CTR-0250,False
CUS-0251,ENT-02,Synthetic Customer 0251,reserved_gpu,2404810,CTR-0251,False
CUS-0252,ENT-03,Synthetic Customer 0252,dataset_pipeline,2404810,CTR-0252,False
CUS-0253,ENT-04,Synthetic Customer 0253,inference,2404810,CTR-0253,False
CUS-0254,ENT-05,Synthetic Customer 0254,reserved_gpu,2404810,CTR-0254,False
CUS-0255,ENT-06,Synthetic Customer 0255,dataset_pipeline,2404810,CTR-0255,False
CUS-0256,ENT-02,Synthetic Customer 0256,inference,2404810,CTR-0256,False
CUS-0257,ENT-03,Synthetic Customer 0257,reserved_gpu,2404810,CTR-0257,False
CUS-0258,ENT-04,Synthetic Customer 0258,dataset_pipeline,2404810,CTR-0258,False
CUS-0259,ENT-05,Synthetic Customer 0259,inference,2404810,CTR-0259,False
CUS-0260,ENT-06,Synthetic Customer 0260,reserved_gpu,2404810,CTR-0260,False
CUS-0261,ENT-02,Synthetic Customer 0261,dataset_pipeline,2404810,CTR-0261,False
CUS-0262,ENT-03,Synthetic Customer 0262,inference,2404810,CTR-0262,False
CUS-0263,ENT-04,Synthetic Customer 0263,reserved_gpu,2404810,CTR-0263,False
CUS-0264,ENT-05,Synthetic Customer 0264,dataset_pipeline,2404810,CTR-0264,False
CUS-0265,ENT-06,Synthetic Customer 0265,inference,2404810,CTR-0265,False
CUS-0266,ENT-02,Synthetic Customer 0266,reserved_gpu,2404810,CTR-0266,False
CUS-0267,ENT-03,Synthetic Customer 0267,dataset_pipeline,2404810,CTR-0267,False
CUS-0268,ENT-04,Synthetic Customer 0268,inference,2404810,CTR-0268,False
CUS-0269,ENT-05,Synthetic Customer 0269,reserved_gpu,2404810,CTR-0269,False
CUS-0270,ENT-06,Synthetic Customer 0270,dataset_pipeline,2404810,CTR-0270,False
CUS-0271,ENT-02,Synthetic Customer 0271,inference,2404810,CTR-0271,False
CUS-0272,ENT-03,Synthetic Customer 0272,reserved_gpu,2404810,CTR-0272,False
CUS-0273,ENT-04,Synthetic Customer 0273,dataset_pipeline,2404810,CTR-0273,False
CUS-0274,ENT-05,Synthetic Customer 0274,inference,2404810,CTR-0274,False
CUS-0275,ENT-06,Synthetic Customer 0275,reserved_gpu,2404810,CTR-0275,False
CUS-0276,ENT-02,Synthetic Customer 0276,dataset_pipeline,2404810,CTR-0276,False
CUS-0277,ENT-03,Synthetic Customer 0277,inference,2404810,CTR-0277,False
CUS-0278,ENT-04,Synthetic Customer 0278,reserved_gpu,2404810,CTR-0278,False
CUS-0279,ENT-05,Synthetic Customer 0279,dataset_pipeline,2404810,CTR-0279,False
CUS-0280,ENT-06,Synthetic Customer 0280,inference,2404810,CTR-0280,False
CUS-0281,ENT-02,Synthetic Customer 0281,reserved_gpu,2404810,CTR-0281,False
CUS-0282,ENT-03,Synthetic Customer 0282,dataset_pipeline,2404810,CTR-0282,False
CUS-0283,ENT-04,Synthetic Customer 0283,inference,2404810,CTR-0283,False
CUS-0284,ENT-05,Synthetic Customer 0284,reserved_gpu,2404810,CTR-0284,False
CUS-0285,ENT-06,Synthetic Customer 0285,dataset_pipeline,2404810,CTR-0285,False
CUS-0286,ENT-02,Synthetic Customer 0286,inference,2404810,CTR-0286,False
CUS-0287,ENT-03,Synthetic Customer 0287,reserved_gpu,2404810,CTR-0287,False
CUS-0288,ENT-04,Synthetic Customer 0288,dataset_pipeline,2404810,CTR-0288,False
CUS-0289,ENT-05,Synthetic Customer 0289,inference,2404810,CTR-0289,False
CUS-0290,ENT-06,Synthetic Customer 0290,reserved_gpu,2404810,CTR-0290,False
CUS-0291,ENT-02,Synthetic Customer 0291,dataset_pipeline,2404810,CTR-0291,False
CUS-0292,ENT-03,Synthetic Customer 0292,inference,2404810,CTR-0292,False
CUS-0293,ENT-04,Synthetic Customer 0293,reserved_gpu,2404810,CTR-0293,False
CUS-0294,ENT-05,Synthetic Customer 0294,dataset_pipeline,2404810,CTR-0294,False
CUS-0295,ENT-06,Synthetic Customer 0295,inference,2404810,CTR-0295,False
CUS-0296,ENT-02,Synthetic Customer 0296,reserved_gpu,2404810,CTR-0296,False
CUS-0297,ENT-03,Synthetic Customer 0297,dataset_pipeline,2404810,CTR-0297,False
CUS-0298,ENT-04,Synthetic Customer 0298,inference,2404810,CTR-0298,False
CUS-0299,ENT-05,Synthetic Customer 0299,reserved_gpu,2404810,CTR-0299,False
CUS-0300,ENT-06,Synthetic Customer 0300,dataset_pipeline,2404810,CTR-0300,False
CUS-0301,ENT-02,Synthetic Customer 0301,inference,2404810,CTR-0301,False
CUS-0302,ENT-03,Synthetic Customer 0302,reserved_gpu,2404810,CTR-0302,False
CUS-0303,ENT-04,Synthetic Customer 0303,dataset_pipeline,2404810,CTR-0303,False
CUS-0304,ENT-05,Synthetic Customer 0304,inference,2404810,CTR-0304,False
CUS-0305,ENT-06,Synthetic Customer 0305,reserved_gpu,2404810,CTR-0305,False
CUS-0306,ENT-02,Synthetic Customer 0306,dataset_pipeline,2404810,CTR-0306,False
CUS-0307,ENT-03,Synthetic Customer 0307,inference,2404810,CTR-0307,False
CUS-0308,ENT-04,Synthetic Customer 0308,reserved_gpu,2404810,CTR-0308,False
CUS-0309,ENT-05,Synthetic Customer 0309,dataset_pipeline,2404810,CTR-0309,False
CUS-0310,ENT-06,Synthetic Customer 0310,inference,2404810,CTR-0310,False
CUS-0311,ENT-02,Synthetic Customer 0311,reserved_gpu,2404809,CTR-0311,False
CUS-0312,ENT-03,Synthetic Customer 0312,dataset_pipeline,2404809,CTR-0312,False
CUS-0313,ENT-04,Synthetic Customer 0313,inference,2404809,CTR-0313,False
CUS-0314,ENT-05,Synthetic Customer 0314,reserved_gpu,2404809,CTR-0314,False
CUS-0315,ENT-06,Synthetic Customer 0315,dataset_pipeline,2404809,CTR-0315,False
CUS-0316,ENT-02,Synthetic Customer 0316,inference,2404809,CTR-0316,False
CUS-0317,ENT-03,Synthetic Customer 0317,reserved_gpu,2404809,CTR-0317,False
CUS-0318,ENT-04,Synthetic Customer 0318,dataset_pipeline,2404809,CTR-0318,False
CUS-0319,ENT-05,Synthetic Customer 0319,inference,2404809,CTR-0319,False
CUS-0320,ENT-06,Synthetic Customer 0320,reserved_gpu,2404809,CTR-0320,False
CUS-0321,ENT-02,Synthetic Customer 0321,dataset_pipeline,2404809,CTR-0321,False
CUS-0322,ENT-03,Synthetic Customer 0322,inference,2404809,CTR-0322,False
CUS-0323,ENT-04,Synthetic Customer 0323,reserved_gpu,2404809,CTR-0323,False
CUS-0324,ENT-05,Synthetic Customer 0324,dataset_pipeline,2404809,CTR-0324,False
CUS-0325,ENT-06,Synthetic Customer 0325,inference,2404809,CTR-0325,False
CUS-0326,ENT-02,Synthetic Customer 0326,reserved_gpu,2404809,CTR-0326,False
CUS-0327,ENT-03,Synthetic Customer 0327,dataset_pipeline,2404809,CTR-0327,False
CUS-0328,ENT-04,Synthetic Customer 0328,inference,2404809,CTR-0328,False
CUS-0329,ENT-05,Synthetic Customer 0329,reserved_gpu,2404809,CTR-0329,False
CUS-0330,ENT-06,Synthetic Customer 0330,dataset_pipeline,2404809,CTR-0330,False
CUS-0331,ENT-02,Synthetic Customer 0331,inference,2404809,CTR-0331,False
CUS-0332,ENT-03,Synthetic Customer 0332,reserved_gpu,2404809,CTR-0332,False
CUS-0333,ENT-04,Synthetic Customer 0333,dataset_pipeline,2404809,CTR-0333,False
CUS-0334,ENT-05,Synthetic Customer 0334,inference,2404809,CTR-0334,False
CUS-0335,ENT-06,Synthetic Customer 0335,reserved_gpu,2404809,CTR-0335,False
CUS-0336,ENT-02,Synthetic Customer 0336,dataset_pipeline,2404809,CTR-0336,False
CUS-0337,ENT-03,Synthetic Customer 0337,inference,2404809,CTR-0337,False
CUS-0338,ENT-04,Synthetic Customer 0338,reserved_gpu,2404809,CTR-0338,False
CUS-0339,ENT-05,Synthetic Customer 0339,dataset_pipeline,2404809,CTR-0339,False
CUS-0340,ENT-06,Synthetic Customer 0340,inference,2404809,CTR-0340,False
CUS-0341,ENT-02,Synthetic Customer 0341,reserved_gpu,2404809,CTR-0341,False
CUS-0342,ENT-03,Synthetic Customer 0342,dataset_pipeline,2404809,CTR-0342,False
CUS-0343,ENT-04,Synthetic Customer 0343,inference,2404809,CTR-0343,False
CUS-0344,ENT-05,Synthetic Customer 0344,reserved_gpu,2404809,CTR-0344,False
CUS-0345,ENT-06,Synthetic Customer 0345,dataset_pipeline,2404809,CTR-0345,False
CUS-0346,ENT-02,Synthetic Customer 0346,inference,2404809,CTR-0346,False
CUS-0347,ENT-03,Synthetic Customer 0347,reserved_gpu,2404809,CTR-0347,False
CUS-0348,ENT-04,Synthetic Customer 0348,dataset_pipeline,2404809,CTR-0348,False
CUS-0349,ENT-05,Synthetic Customer 0349,inference,2404809,CTR-0349,False
CUS-0350,ENT-06,Synthetic Customer 0350,reserved_gpu,2404809,CTR-0350,False
CUS-0351,ENT-02,Synthetic Customer 0351,dataset_pipeline,2404809,CTR-0351,False
CUS-0352,ENT-03,Synthetic Customer 0352,inference,2404809,CTR-0352,False
CUS-0353,ENT-04,Synthetic Customer 0353,reserved_gpu,2404809,CTR-0353,False
CUS-0354,ENT-05,Synthetic Customer 0354,dataset_pipeline,2404809,CTR-0354,False
CUS-0355,ENT-06,Synthetic Customer 0355,inference,2404809,CTR-0355,False
CUS-0356,ENT-02,Synthetic Customer 0356,reserved_gpu,2404809,CTR-0356,False
CUS-0357,ENT-03,Synthetic Customer 0357,dataset_pipeline,2404809,CTR-0357,False
CUS-0358,ENT-04,Synthetic Customer 0358,inference,2404809,CTR-0358,False
CUS-0359,ENT-05,Synthetic Customer 0359,reserved_gpu,2404809,CTR-0359,False
CUS-0360,ENT-06,Synthetic Customer 0360,dataset_pipeline,2404809,CTR-0360,False
CUS-0361,ENT-02,Synthetic Customer 0361,inference,2404809,CTR-0361,False
CUS-0362,ENT-03,Synthetic Customer 0362,reserved_gpu,2404809,CTR-0362,False
CUS-0363,ENT-04,Synthetic Customer 0363,dataset_pipeline,2404809,CTR-0363,False
CUS-0364,ENT-05,Synthetic Customer 0364,inference,2404809,CTR-0364,False
CUS-0365,ENT-06,Synthetic Customer 0365,reserved_gpu,2404809,CTR-0365,False
CUS-0366,ENT-02,Synthetic Customer 0366,dataset_pipeline,2404809,CTR-0366,False
CUS-0367,ENT-03,Synthetic Customer 0367,inference,2404809,CTR-0367,False
CUS-0368,ENT-04,Synthetic Customer 0368,reserved_gpu,2404809,CTR-0368,False
CUS-0369,ENT-05,Synthetic Customer 0369,dataset_pipeline,2404809,CTR-0369,False
CUS-0370,ENT-06,Synthetic Customer 0370,inference,2404809,CTR-0370,False
CUS-0371,ENT-02,Synthetic Customer 0371,reserved_gpu,2404809,CTR-0371,False
CUS-0372,ENT-03,Synthetic Customer 0372,dataset_pipeline,2404809,CTR-0372,False
CUS-0373,ENT-04,Synthetic Customer 0373,inference,2404809,CTR-0373,False
CUS-0374,ENT-05,Synthetic Customer 0374,reserved_gpu,2404809,CTR-0374,False
CUS-0375,ENT-06,Synthetic Customer 0375,dataset_pipeline,2404809,CTR-0375,False
CUS-0376,ENT-02,Synthetic Customer 0376,inference,2404809,CTR-0376,False
CUS-0377,ENT-03,Synthetic Customer 0377,reserved_gpu,2404809,CTR-0377,False
CUS-0378,ENT-04,Synthetic Customer 0378,dataset_pipeline,2404809,CTR-0378,False
CUS-0379,ENT-05,Synthetic Customer 0379,inference,2404809,CTR-0379,False
CUS-0380,ENT-06,Synthetic Customer 0380,reserved_gpu,2404809,CTR-0380,False
CUS-0381,ENT-02,Synthetic Customer 0381,dataset_pipeline,2404809,CTR-0381,False
CUS-0382,ENT-03,Synthetic Customer 0382,inference,2404809,CTR-0382,False
CUS-0383,ENT-04,Synthetic Customer 0383,reserved_gpu,2404809,CTR-0383,False
CUS-0384,ENT-05,Synthetic Customer 0384,dataset_pipeline,2404809,CTR-0384,False
CUS-0385,ENT-06,Synthetic Customer 0385,inference,2404809,CTR-0385,False
CUS-0386,ENT-02,Synthetic Customer 0386,reserved_gpu,2404809,CTR-0386,False
CUS-0387,ENT-03,Synthetic Customer 0387,dataset_pipeline,2404809,CTR-0387,False
CUS-0388,ENT-04,Synthetic Customer 0388,inference,2404809,CTR-0388,False
CUS-0389,ENT-05,Synthetic Customer 0389,reserved_gpu,2404809,CTR-0389,False
CUS-0390,ENT-06,Synthetic Customer 0390,dataset_pipeline,2404809,CTR-0390,False
CUS-0391,ENT-02,Synthetic Customer 0391,inference,2404809,CTR-0391,False
CUS-0392,ENT-03,Synthetic Customer 0392,reserved_gpu,2404809,CTR-0392,False
CUS-0393,ENT-04,Synthetic Customer 0393,dataset_pipeline,2404809,CTR-0393,False
CUS-0394,ENT-05,Synthetic Customer 0394,inference,2404809,CTR-0394,False
CUS-0395,ENT-06,Synthetic Customer 0395,reserved_gpu,2404809,CTR-0395,False
CUS-0396,ENT-02,Synthetic Customer 0396,dataset_pipeline,2404809,CTR-0396,False
CUS-0397,ENT-03,Synthetic Customer 0397,inference,2404809,CTR-0397,False
CUS-0398,ENT-04,Synthetic Customer 0398,reserved_gpu,2404809,CTR-0398,False
CUS-0399,ENT-05,Synthetic Customer 0399,dataset_pipeline,2404809,CTR-0399,False
CUS-0400,ENT-06,Synthetic Customer 0400,inference,2404809,CTR-0400,False
CUS-0401,ENT-02,Synthetic Customer 0401,reserved_gpu,2404809,CTR-0401,False
CUS-0402,ENT-03,Synthetic Customer 0402,dataset_pipeline,2404809,CTR-0402,False
CUS-0403,ENT-04,Synthetic Customer 0403,inference,2404809,CTR-0403,False
CUS-0404,ENT-05,Synthetic Customer 0404,reserved_gpu,2404809,CTR-0404,False
CUS-0405,ENT-06,Synthetic Customer 0405,dataset_pipeline,2404809,CTR-0405,False
CUS-0406,ENT-02,Synthetic Customer 0406,inference,2404809,CTR-0406,False
CUS-0407,ENT-03,Synthetic Customer 0407,reserved_gpu,2404809,CTR-0407,False
CUS-0408,ENT-04,Synthetic Customer 0408,dataset_pipeline,2404809,CTR-0408,False
CUS-0409,ENT-05,Synthetic Customer 0409,inference,2404809,CTR-0409,False
CUS-0410,ENT-06,Synthetic Customer 0410,reserved_gpu,2404809,CTR-0410,False
CUS-0411,ENT-02,Synthetic Customer 0411,dataset_pipeline,2404809,CTR-0411,False
CUS-0412,ENT-03,Synthetic Customer 0412,inference,2404809,CTR-0412,False
CUS-0413,ENT-04,Synthetic Customer 0413,reserved_gpu,2404809,CTR-0413,False
CUS-0414,ENT-05,Synthetic Customer 0414,dataset_pipeline,2404809,CTR-0414,False
CUS-0415,ENT-06,Synthetic Customer 0415,inference,2404809,CTR-0415,False
CUS-0416,ENT-02,Synthetic Customer 0416,reserved_gpu,2404809,CTR-0416,False
CUS-0417,ENT-03,Synthetic Customer 0417,dataset_pipeline,2404809,CTR-0417,False
CUS-0418,ENT-04,Synthetic Customer 0418,inference,2404809,CTR-0418,False
CUS-0419,ENT-05,Synthetic Customer 0419,reserved_gpu,2404809,CTR-0419,False
CUS-0420,ENT-06,Synthetic Customer 0420,dataset_pipeline,2404809,CTR-0420,False
CUS-0421,ENT-02,Synthetic Customer 0421,inference,2404809,CTR-0421,False
CUS-0422,ENT-03,Synthetic Customer 0422,reserved_gpu,2404809,CTR-0422,False
CUS-0423,ENT-04,Synthetic Customer 0423,dataset_pipeline,2404809,CTR-0423,False
CUS-0424,ENT-05,Synthetic Customer 0424,inference,2404809,CTR-0424,False
CUS-0425,ENT-06,Synthetic Customer 0425,reserved_gpu,2404809,CTR-0425,False
CUS-0426,ENT-02,Synthetic Customer 0426,dataset_pipeline,2404809,CTR-0426,False
CUS-0427,ENT-03,Synthetic Customer 0427,inference,2404809,CTR-0427,False
CUS-0428,ENT-04,Synthetic Customer 0428,reserved_gpu,2404809,CTR-0428,False
CUS-0429,ENT-05,Synthetic Customer 0429,dataset_pipeline,2404809,CTR-0429,False
CUS-0430,ENT-06,Synthetic Customer 0430,inference,2404809,CTR-0430,False
CUS-0431,ENT-02,Synthetic Customer 0431,reserved_gpu,2404809,CTR-0431,False
CUS-0432,ENT-03,Synthetic Customer 0432,dataset_pipeline,2404809,CTR-0432,False
CUS-0433,ENT-04,Synthetic Customer 0433,inference,2404809,CTR-0433,False
CUS-0434,ENT-05,Synthetic Customer 0434,reserved_gpu,2404809,CTR-0434,False
CUS-0435,ENT-06,Synthetic Customer 0435,dataset_pipeline,2404809,CTR-0435,False
CUS-0436,ENT-02,Synthetic Customer 0436,inference,2404809,CTR-0436,False
CUS-0437,ENT-03,Synthetic Customer 0437,reserved_gpu,2404809,CTR-0437,False
CUS-0438,ENT-04,Synthetic Customer 0438,dataset_pipeline,2404809,CTR-0438,False
CUS-0439,ENT-05,Synthetic Customer 0439,inference,2404809,CTR-0439,False
CUS-0440,ENT-06,Synthetic Customer 0440,reserved_gpu,2404809,CTR-0440,False
CUS-0441,ENT-02,Synthetic Customer 0441,dataset_pipeline,2404809,CTR-0441,False
CUS-0442,ENT-03,Synthetic Customer 0442,inference,2404809,CTR-0442,False
CUS-0443,ENT-04,Synthetic Customer 0443,reserved_gpu,2404809,CTR-0443,False
CUS-0444,ENT-05,Synthetic Customer 0444,dataset_pipeline,2404809,CTR-0444,False
CUS-0445,ENT-06,Synthetic Customer 0445,inference,2404809,CTR-0445,False
CUS-0446,ENT-02,Synthetic Customer 0446,reserved_gpu,2404809,CTR-0446,False
CUS-0447,ENT-03,Synthetic Customer 0447,dataset_pipeline,2404809,CTR-0447,False
CUS-0448,ENT-04,Synthetic Customer 0448,inference,2404809,CTR-0448,False
CUS-0449,ENT-05,Synthetic Customer 0449,reserved_gpu,2404809,CTR-0449,False
CUS-0450,ENT-06,Synthetic Customer 0450,dataset_pipeline,2404809,CTR-0450,False
CUS-0451,ENT-02,Synthetic Customer 0451,inference,2404809,CTR-0451,False
CUS-0452,ENT-03,Synthetic Customer 0452,reserved_gpu,2404809,CTR-0452,False
CUS-0453,ENT-04,Synthetic Customer 0453,dataset_pipeline,2404809,CTR-0453,False
CUS-0454,ENT-05,Synthetic Customer 0454,inference,2404809,CTR-0454,False
CUS-0455,ENT-06,Synthetic Customer 0455,reserved_gpu,2404809,CTR-0455,False
CUS-0456,ENT-02,Synthetic Customer 0456,dataset_pipeline,2404809,CTR-0456,False
CUS-0457,ENT-03,Synthetic Customer 0457,inference,2404809,CTR-0457,False
CUS-0458,ENT-04,Synthetic Customer 0458,reserved_gpu,2404809,CTR-0458,False
CUS-0459,ENT-05,Synthetic Customer 0459,dataset_pipeline,2404809,CTR-0459,False
CUS-0460,ENT-06,Synthetic Customer 0460,inference,2404809,CTR-0460,False
CUS-0461,ENT-02,Synthetic Customer 0461,reserved_gpu,2404809,CTR-0461,False
CUS-0462,ENT-03,Synthetic Customer 0462,dataset_pipeline,2404809,CTR-0462,False
CUS-0463,ENT-04,Synthetic Customer 0463,inference,2404809,CTR-0463,False
CUS-0464,ENT-05,Synthetic Customer 0464,reserved_gpu,2404809,CTR-0464,False
CUS-0465,ENT-06,Synthetic Customer 0465,dataset_pipeline,2404809,CTR-0465,False
CUS-0466,ENT-02,Synthetic Customer 0466,inference,2404809,CTR-0466,False
CUS-0467,ENT-03,Synthetic Customer 0467,reserved_gpu,2404809,CTR-0467,False
CUS-0468,ENT-04,Synthetic Customer 0468,dataset_pipeline,2404809,CTR-0468,False
CUS-0469,ENT-05,Synthetic Customer 0469,inference,2404809,CTR-0469,False
CUS-0470,ENT-06,Synthetic Customer 0470,reserved_gpu,2404809,CTR-0470,False
CUS-0471,ENT-02,Synthetic Customer 0471,dataset_pipeline,2404809,CTR-0471,False
CUS-0472,ENT-03,Synthetic Customer 0472,inference,2404809,CTR-0472,False
CUS-0473,ENT-04,Synthetic Customer 0473,reserved_gpu,2404809,CTR-0473,False
CUS-0474,ENT-05,Synthetic Customer 0474,dataset_pipeline,2404809,CTR-0474,False
CUS-0475,ENT-06,Synthetic Customer 0475,inference,2404809,CTR-0475,False
CUS-0476,ENT-02,Synthetic Customer 0476,reserved_gpu,2404809,CTR-0476,False
CUS-0477,ENT-03,Synthetic Customer 0477,dataset_pipeline,2404809,CTR-0477,False
CUS-0478,ENT-04,Synthetic Customer 0478,inference,2404809,CTR-0478,False
CUS-0479,ENT-05,Synthetic Customer 0479,reserved_gpu,2404809,CTR-0479,False
CUS-0480,ENT-06,Synthetic Customer 0480,dataset_pipeline,2404809,CTR-0480,False
CUS-0481,ENT-02,Synthetic Customer 0481,inference,2404809,CTR-0481,False
CUS-0482,ENT-03,Synthetic Customer 0482,reserved_gpu,2404809,CTR-0482,False
CUS-0483,ENT-04,Synthetic Customer 0483,dataset_pipeline,2404809,CTR-0483,False
CUS-0484,ENT-05,Synthetic Customer 0484,inference,2404809,CTR-0484,False
CUS-0485,ENT-06,Synthetic Customer 0485,reserved_gpu,2404809,CTR-0485,False
CUS-0486,ENT-02,Synthetic Customer 0486,dataset_pipeline,2404809,CTR-0486,False
CUS-0487,ENT-03,Synthetic Customer 0487,inference,2404809,CTR-0487,False
CUS-0488,ENT-04,Synthetic Customer 0488,reserved_gpu,2404809,CTR-0488,False
CUS-0489,ENT-05,Synthetic Customer 0489,dataset_pipeline,2404809,CTR-0489,False
CUS-0490,ENT-06,Synthetic Customer 0490,inference,2404809,CTR-0490,False
CUS-0491,ENT-02,Synthetic Customer 0491,reserved_gpu,2404809,CTR-0491,False
CUS-0492,ENT-03,Synthetic Customer 0492,dataset_pipeline,2404809,CTR-0492,False
CUS-0493,ENT-04,Synthetic Customer 0493,inference,2404809,CTR-0493,False
CUS-0494,ENT-05,Synthetic Customer 0494,reserved_gpu,2404809,CTR-0494,False
CUS-0495,ENT-06,Synthetic Customer 0495,dataset_pipeline,2404809,CTR-0495,False
CUS-0496,ENT-02,Synthetic Customer 0496,inference,2404809,CTR-0496,False
CUS-0497,ENT-03,Synthetic Customer 0497,reserved_gpu,2404809,CTR-0497,False
CUS-0498,ENT-04,Synthetic Customer 0498,dataset_pipeline,2404809,CTR-0498,False
CUS-0499,ENT-05,Synthetic Customer 0499,inference,2404809,CTR-0499,False
CUS-0500,ENT-06,Synthetic Customer 0500,reserved_gpu,2404809,CTR-0500,False
