employee_id,entity_id,role,monthly_salary_cents
EMP-0001,ENT-02,engineering,166667
EMP-0002,ENT-03,operations,166667
EMP-0003,ENT-04,commercial,166667
EMP-0004,ENT-05,support,166667
EMP-0005,ENT-06,engineering,166667
EMP-0006,ENT-02,operations,166667
EMP-0007,ENT-03,commercial,166667
EMP-0008,ENT-04,support,166667
EMP-0009,ENT-05,engineering,166667
EMP-0010,ENT-06,operations,166667
EMP-0011,ENT-02,commercial,166667
EMP-0012,ENT-03,support,166667
EMP-0013,ENT-04,engineering,166667
EMP-0014,ENT-05,operations,166667
EMP-0015,ENT-06,commercial,166667
EMP-0016,ENT-02,support,166667
EMP-0017,ENT-03,engineering,166667
EMP-0018,ENT-04,operations,166667
EMP-0019,ENT-05,commercial,166667
EMP-0020,ENT-06,support,166667
EMP-0021,ENT-02,engineering,166667
EMP-0022,ENT-03,operations,166667
EMP-0023,ENT-04,commercial,166667
EMP-0024,ENT-05,support,166667
EMP-0025,ENT-06,engineering,166667
EMP-0026,ENT-02,operations,166667
EMP-0027,ENT-03,commercial,166667
EMP-0028,ENT-04,support,166667
EMP-0029,ENT-05,engineering,166667
EMP-0030,ENT-06,operations,166667
EMP-0031,ENT-02,commercial,166667
EMP-0032,ENT-03,support,166667
EMP-0033,ENT-04,engineering,166667
EMP-0034,ENT-05,operations,166667
EMP-0035,ENT-06,commercial,166667
EMP-0036,ENT-02,support,166667
EMP-0037,ENT-03,engineering,166667
EMP-0038,ENT-04,operations,166667
EMP-0039,ENT-05,commercial,166667
EMP-0040,ENT-06,support,166667
EMP-0041,ENT-02,engineering,166667
EMP-0042,ENT-03,operations,166667
EMP-0043,ENT-04,commercial,166667
EMP-0044,ENT-05,support,166667
EMP-0045,ENT-06,engineering,166667
EMP-0046,ENT-02,operations,166667
EMP-0047,ENT-03,commercial,166667
EMP-0048,ENT-04,support,166667
EMP-0049,ENT-05,engineering,166667
EMP-0050,ENT-06,operations,166667
EMP-0051,ENT-02,commercial,166667
EMP-0052,ENT-03,support,166667
EMP-0053,ENT-04,engineering,166667
EMP-0054,ENT-05,operations,166667
EMP-0055,ENT-06,commercial,166667
EMP-0056,ENT-02,support,166667
EMP-0057,ENT-03,engineering,166667
EMP-0058,ENT-04,operations,166667
EMP-0059,ENT-05,commercial,166667
EMP-0060,ENT-06,support,166667
EMP-0061,ENT-02,engineering,166667
EMP-0062,ENT-03,operations,166667
EMP-0063,ENT-04,commercial,166667
EMP-0064,ENT-05,support,166667
EMP-0065,ENT-06,engineering,166667
EMP-0066,ENT-02,operations,166667
EMP-0067,ENT-03,commercial,166667
EMP-0068,ENT-04,support,166667
EMP-0069,ENT-05,engineering,166667
EMP-0070,ENT-06,operations,166667
EMP-0071,ENT-02,commercial,166667
EMP-0072,ENT-03,support,166667
EMP-0073,ENT-04,engineering,166667
EMP-0074,ENT-05,operations,166667
EMP-0075,ENT-06,commercial,166667
EMP-0076,ENT-02,support,166667
EMP-0077,ENT-03,engineering,166667
EMP-0078,ENT-04,operations,166667
EMP-0079,ENT-05,commercial,166667
EMP-0080,ENT-06,support,166667
EMP-0081,ENT-02,engineering,166667
EMP-0082,ENT-03,operations,166667
EMP-0083,ENT-04,commercial,166667
EMP-0084,ENT-05,support,166667
EMP-0085,ENT-06,engineering,166667
EMP-0086,ENT-02,operations,166667
EMP-0087,ENT-03,commercial,166667
EMP-0088,ENT-04,support,166667
EMP-0089,ENT-05,engineering,166667
EMP-0090,ENT-06,operations,166667
EMP-0091,ENT-02,commercial,166667
EMP-0092,ENT-03,support,166667
EMP-0093,ENT-04,engineering,166667
EMP-0094,ENT-05,operations,166667
EMP-0095,ENT-06,commercial,166667
EMP-0096,ENT-02,support,166667
EMP-0097,ENT-03,engineering,166667
EMP-0098,ENT-04,operations,166667
EMP-0099,ENT-05,commercial,166667
EMP-0100,ENT-06,support,166667
EMP-0101,ENT-02,engineering,166667
EMP-0102,ENT-03,operations,166667
EMP-0103,ENT-04,commercial,166667
EMP-0104,ENT-05,support,166667
EMP-0105,ENT-06,engineering,166667
EMP-0106,ENT-02,operations,166667
EMP-0107,ENT-03,commercial,166667
EMP-0108,ENT-04,support,166667
EMP-0109,ENT-05,engineering,166667
EMP-0110,ENT-06,operations,166667
EMP-0111,ENT-02,commercial,166667
EMP-0112,ENT-03,support,166667
EMP-0113,ENT-04,engineering,166667
EMP-0114,ENT-05,operations,166667
EMP-0115,ENT-06,commercial,166667
EMP-0116,ENT-02,support,166667
EMP-0117,ENT-03,engineering,166667
EMP-0118,ENT-04,operations,166667
EMP-0119,ENT-05,commercial,166667
EMP-0120,ENT-06,support,166667
EMP-0121,ENT-02,engineering,166667
EMP-0122,ENT-03,operations,166667
EMP-0123,ENT-04,commercial,166667
EMP-0124,ENT-05,support,166667
EMP-0125,ENT-06,engineering,166667
EMP-0126,ENT-02,operations,166667
EMP-0127,ENT-03,commercial,166667
EMP-0128,ENT-04,support,166667
EMP-0129,ENT-05,engineering,166667
EMP-0130,ENT-06,operations,166667
EMP-0131,ENT-02,commercial,166667
EMP-0132,ENT-03,support,166667
EMP-0133,ENT-04,engineering,166667
EMP-0134,ENT-05,operations,166667
EMP-0135,ENT-06,commercial,166667
EMP-0136,ENT-02,support,166667
EMP-0137,ENT-03,engineering,166667
EMP-0138,ENT-04,operations,166667
EMP-0139,ENT-05,commercial,166667
EMP-0140,ENT-06,support,166667
EMP-0141,ENT-02,engineering,166667
EMP-0142,ENT-03,operations,166667
EMP-0143,ENT-04,commercial,166667
EMP-0144,ENT-05,support,166667
EMP-0145,ENT-06,engineering,166667
EMP-0146,ENT-02,operations,166667
EMP-0147,ENT-03,commercial,166667
EMP-0148,ENT-04,support,166667
EMP-0149,ENT-05,engineering,166667
EMP-0150,ENT-06,operations,166667
EMP-0151,ENT-02,commercial,166667
EMP-0152,ENT-03,support,166667
EMP-0153,ENT-04,engineering,166667
EMP-0154,ENT-05,operations,166667
EMP-0155,ENT-06,commercial,166667
EMP-0156,ENT-02,support,166667
EMP-0157,ENT-03,engineering,166667
EMP-0158,ENT-04,operations,166667
EMP-0159,ENT-05,commercial,166667
EMP-0160,ENT-06,support,166667
EMP-0161,ENT-02,engineering,166667
EMP-0162,ENT-03,operations,166667
EMP-0163,ENT-04,commercial,166667
EMP-0164,ENT-05,support,166667
EMP-0165,ENT-06,engineering,166667
EMP-0166,ENT-02,operations,166667
EMP-0167,ENT-03,commercial,166667
EMP-0168,ENT-04,support,166667
EMP-0169,ENT-05,engineering,166667
EMP-0170,ENT-06,operations,166667
EMP-0171,ENT-02,commercial,166667
EMP-0172,ENT-03,support,166667
EMP-0173,ENT-04,engineering,166667
EMP-0174,ENT-05,operations,166667
EMP-0175,ENT-06,commercial,166667
EMP-0176,ENT-02,support,166667
EMP-0177,ENT-03,engineering,166667
EMP-0178,ENT-04,operations,166667
EMP-0179,ENT-05,commercial,166667
EMP-0180,ENT-06,support,166667
EMP-0181,ENT-02,engineering,166667
EMP-0182,ENT-03,operations,166667
EMP-0183,ENT-04,commercial,166667
EMP-0184,ENT-05,support,166667
EMP-0185,ENT-06,engineering,166667
EMP-0186,ENT-02,operations,166667
EMP-0187,ENT-03,commercial,166667
EMP-0188,ENT-04,support,166667
EMP-0189,ENT-05,engineering,166667
EMP-0190,ENT-06,operations,166667
EMP-0191,ENT-02,commercial,166667
EMP-0192,ENT-03,support,166667
EMP-0193,ENT-04,engineering,166667
EMP-0194,ENT-05,operations,166667
EMP-0195,ENT-06,commercial,166667
EMP-0196,ENT-02,support,166667
EMP-0197,ENT-03,engineering,166667
EMP-0198,ENT-04,operations,166667
EMP-0199,ENT-05,commercial,166667
EMP-0200,ENT-06,support,166667
EMP-0201,ENT-02,engineering,166667
EMP-0202,ENT-03,operations,166667
EMP-0203,ENT-04,commercial,166667
EMP-0204,ENT-05,support,166667
EMP-0205,ENT-06,engineering,166667
EMP-0206,ENT-02,operations,166667
EMP-0207,ENT-03,commercial,166667
EMP-0208,ENT-04,support,166667
EMP-0209,ENT-05,engineering,166667
EMP-0210,ENT-06,operations,166667
EMP-0211,ENT-02,commercial,166667
EMP-0212,ENT-03,support,166667
EMP-0213,ENT-04,engineering,166667
EMP-0214,ENT-05,operations,166667
EMP-0215,ENT-06,commercial,166667
EMP-0216,ENT-02,support,166667
EMP-0217,ENT-03,engineering,166667
EMP-0218,ENT-04,operations,166667
EMP-0219,ENT-05,commercial,166667
EMP-0220,ENT-06,support,166667
EMP-0221,ENT-02,engineering,166667
EMP-0222,ENT-03,operations,166667
EMP-0223,ENT-04,commercial,166667
EMP-0224,ENT-05,support,166667
EMP-0225,ENT-06,engineering,166667
EMP-0226,ENT-02,operations,166667
EMP-0227,ENT-03,commercial,166667
EMP-0228,ENT-04,support,166667
EMP-0229,ENT-05,engineering,166667
EMP-0230,ENT-06,operations,166667
EMP-0231,ENT-02,commercial,166667
EMP-0232,ENT-03,support,166667
EMP-0233,ENT-04,engineering,166667
EMP-0234,ENT-05,operations,166667
EMP-0235,ENT-06,commercial,166667
EMP-0236,ENT-02,support,166667
EMP-0237,ENT-03,engineering,166667
EMP-0238,ENT-04,operations,166667
EMP-0239,ENT-05,commercial,166667
EMP-0240,ENT-06,support,166667
EMP-0241,ENT-02,engineering,166667
EMP-0242,ENT-03,operations,166667
EMP-0243,ENT-04,commercial,166667
EMP-0244,ENT-05,support,166667
EMP-0245,ENT-06,engineering,166667
EMP-0246,ENT-02,operations,166667
EMP-0247,ENT-03,commercial,166667
EMP-0248,ENT-04,support,166667
EMP-0249,ENT-05,engineering,166667
EMP-0250,ENT-06,operations,166667
EMP-0251,ENT-02,commercial,166667
EMP-0252,ENT-03,support,166667
EMP-0253,ENT-04,engineering,166667
EMP-0254,ENT-05,operations,166667
EMP-0255,ENT-06,commercial,166667
EMP-0256,ENT-02,support,166667
EMP-0257,ENT-03,engineering,166667
EMP-0258,ENT-04,operations,166667
EMP-0259,ENT-05,commercial,166667
EMP-0260,ENT-06,support,166667
EMP-0261,ENT-02,engineering,166667
EMP-0262,ENT-03,operations,166667
EMP-0263,ENT-04,commercial,166667
EMP-0264,ENT-05,support,166667
EMP-0265,ENT-06,engineering,166667
EMP-0266,ENT-02,operations,166667
EMP-0267,ENT-03,commercial,166667
EMP-0268,ENT-04,support,166667
EMP-0269,ENT-05,engineering,166667
EMP-0270,ENT-06,operations,166667
EMP-0271,ENT-02,commercial,166667
EMP-0272,ENT-03,support,166667
EMP-0273,ENT-04,engineering,166667
EMP-0274,ENT-05,operations,166667
EMP-0275,ENT-06,commercial,166667
EMP-0276,ENT-02,support,166667
EMP-0277,ENT-03,engineering,166667
EMP-0278,ENT-04,operations,166667
EMP-0279,ENT-05,commercial,166667
EMP-0280,ENT-06,support,166667
EMP-0281,ENT-02,engineering,166667
EMP-0282,ENT-03,operations,166667
EMP-0283,ENT-04,commercial,166667
EMP-0284,ENT-05,support,166667
EMP-0285,ENT-06,engineering,166667
EMP-0286,ENT-02,operations,166667
EMP-0287,ENT-03,commercial,166667
EMP-0288,ENT-04,support,166667
EMP-0289,ENT-05,engineering,166667
EMP-0290,ENT-06,operations,166667
EMP-0291,ENT-02,commercial,166667
EMP-0292,ENT-03,support,166667
EMP-0293,ENT-04,engineering,166667
EMP-0294,ENT-05,operations,166667
EMP-0295,ENT-06,commercial,166667
EMP-0296,ENT-02,support,166667
EMP-0297,ENT-03,engineering,166667
EMP-0298,ENT-04,operations,166667
EMP-0299,ENT-05,commercial,166667
EMP-0300,ENT-06,support,166667
EMP-0301,ENT-02,engineering,166667
EMP-0302,ENT-03,operations,166667
EMP-0303,ENT-04,commercial,166667
EMP-0304,ENT-05,support,166667
EMP-0305,ENT-06,engineering,166667
EMP-0306,ENT-02,operations,166667
EMP-0307,ENT-03,commercial,166667
EMP-0308,ENT-04,support,166667
EMP-0309,ENT-05,engineering,166667
EMP-0310,ENT-06,operations,166667
EMP-0311,ENT-02,commercial,166667
EMP-0312,ENT-03,support,166667
EMP-0313,ENT-04,engineering,166667
EMP-0314,ENT-05,operations,166667
EMP-0315,ENT-06,commercial,166667
EMP-0316,ENT-02,support,166667
EMP-0317,ENT-03,engineering,166667
EMP-0318,ENT-04,operations,166667
EMP-0319,ENT-05,commercial,166667
EMP-0320,ENT-06,support,166667
EMP-0321,ENT-02,engineering,166667
EMP-0322,ENT-03,operations,166667
EMP-0323,ENT-04,commercial,166667
EMP-0324,ENT-05,support,166667
EMP-0325,ENT-06,engineering,166667
EMP-0326,ENT-02,operations,166667
EMP-0327,ENT-03,commercial,166667
EMP-0328,ENT-04,support,166667
EMP-0329,ENT-05,engineering,166667
EMP-0330,ENT-06,operations,166667
EMP-0331,ENT-02,commercial,166667
EMP-0332,ENT-03,support,166667
EMP-0333,ENT-04,engineering,166667
EMP-0334,ENT-05,operations,166667
EMP-0335,ENT-06,commercial,166667
EMP-0336,ENT-02,support,166667
EMP-0337,ENT-03,engineering,166667
EMP-0338,ENT-04,operations,166667
EMP-0339,ENT-05,commercial,166667
EMP-0340,ENT-06,support,166667
EMP-0341,ENT-02,engineering,166667
EMP-0342,ENT-03,operations,166667
EMP-0343,ENT-04,commercial,166667
EMP-0344,ENT-05,support,166667
EMP-0345,ENT-06,engineering,166667
EMP-0346,ENT-02,operations,166667
EMP-0347,ENT-03,commercial,166667
EMP-0348,ENT-04,support,166667
EMP-0349,ENT-05,engineering,166667
EMP-0350,ENT-06,operations,166667
EMP-0351,ENT-02,commercial,166667
EMP-0352,ENT-03,support,166667
EMP-0353,ENT-04,engineering,166667
EMP-0354,ENT-05,operations,166667
EMP-0355,ENT-06,commercial,166667
EMP-0356,ENT-02,support,166667
EMP-0357,ENT-03,engineering,166667
EMP-0358,ENT-04,operations,166667
EMP-0359,ENT-05,commercial,166667
EMP-0360,ENT-06,support,166667
EMP-0361,ENT-02,engineering,166667
EMP-0362,ENT-03,operations,166667
EMP-0363,ENT-04,commercial,166667
EMP-0364,ENT-05,support,166667
EMP-0365,ENT-06,engineering,166667
EMP-0366,ENT-02,operations,166667
EMP-0367,ENT-03,commercial,166667
EMP-0368,ENT-04,support,166667
EMP-0369,ENT-05,engineering,166667
EMP-0370,ENT-06,operations,166667
EMP-0371,ENT-02,commercial,166667
EMP-0372,ENT-03,support,166667
EMP-0373,ENT-04,engineering,166667
EMP-0374,ENT-05,operations,166667
EMP-0375,ENT-06,commercial,166667
EMP-0376,ENT-02,support,166667
EMP-0377,ENT-03,engineering,166667
EMP-0378,ENT-04,operations,166667
EMP-0379,ENT-05,commercial,166667
EMP-0380,ENT-06,support,166667
EMP-0381,ENT-02,engineering,166667
EMP-0382,ENT-03,operations,166667
EMP-0383,ENT-04,commercial,166667
EMP-0384,ENT-05,support,166667
EMP-0385,ENT-06,engineering,166667
EMP-0386,ENT-02,operations,166667
EMP-0387,ENT-03,commercial,166667
EMP-0388,ENT-04,support,166667
EMP-0389,ENT-05,engineering,166667
EMP-0390,ENT-06,operations,166667
EMP-0391,ENT-02,commercial,166667
EMP-0392,ENT-03,support,166667
EMP-0393,ENT-04,engineering,166667
EMP-0394,ENT-05,operations,166667
EMP-0395,ENT-06,commercial,166667
EMP-0396,ENT-02,support,166667
EMP-0397,ENT-03,engineering,166667
EMP-0398,ENT-04,operations,166667
EMP-0399,ENT-05,commercial,166667
EMP-0400,ENT-06,support,166667
EMP-0401,ENT-02,engineering,166667
EMP-0402,ENT-03,operations,166667
EMP-0403,ENT-04,commercial,166667
EMP-0404,ENT-05,support,166667
EMP-0405,ENT-06,engineering,166667
EMP-0406,ENT-02,operations,166667
EMP-0407,ENT-03,commercial,166667
EMP-0408,ENT-04,support,166667
EMP-0409,ENT-05,engineering,166667
EMP-0410,ENT-06,operations,166667
EMP-0411,ENT-02,commercial,166667
EMP-0412,ENT-03,support,166667
EMP-0413,ENT-04,engineering,166667
EMP-0414,ENT-05,operations,166667
EMP-0415,ENT-06,commercial,166667
EMP-0416,ENT-02,support,166667
EMP-0417,ENT-03,engineering,166667
EMP-0418,ENT-04,operations,166667
EMP-0419,ENT-05,commercial,166667
EMP-0420,ENT-06,support,166667
EMP-0421,ENT-02,engineering,166667
EMP-0422,ENT-03,operations,166667
EMP-0423,ENT-04,commercial,166667
EMP-0424,ENT-05,support,166667
EMP-0425,ENT-06,engineering,166667
EMP-0426,ENT-02,operations,166667
EMP-0427,ENT-03,commercial,166667
EMP-0428,ENT-04,support,166667
EMP-0429,ENT-05,engineering,166667
EMP-0430,ENT-06,operations,166667
EMP-0431,ENT-02,commercial,166667
EMP-0432,ENT-03,support,166667
EMP-0433,ENT-04,engineering,166667
EMP-0434,ENT-05,operations,166667
EMP-0435,ENT-06,commercial,166667
EMP-0436,ENT-02,support,166667
EMP-0437,ENT-03,engineering,166667
EMP-0438,ENT-04,operations,166667
EMP-0439,ENT-05,commercial,166667
EMP-0440,ENT-06,support,166667
EMP-0441,ENT-02,engineering,166667
EMP-0442,ENT-03,operations,166667
EMP-0443,ENT-04,commercial,166667
EMP-0444,ENT-05,support,166667
EMP-0445,ENT-06,engineering,166667
EMP-0446,ENT-02,operations,166667
EMP-0447,ENT-03,commercial,166667
EMP-0448,ENT-04,support,166667
EMP-0449,ENT-05,engineering,166667
EMP-0450,ENT-06,operations,166667
EMP-0451,ENT-02,commercial,166667
EMP-0452,ENT-03,support,166667
EMP-0453,ENT-04,engineering,166667
EMP-0454,ENT-05,operations,166667
EMP-0455,ENT-06,commercial,166667
EMP-0456,ENT-02,support,166667
EMP-0457,ENT-03,engineering,166667
EMP-0458,ENT-04,operations,166667
EMP-0459,ENT-05,commercial,166667
EMP-0460,ENT-06,support,166667
EMP-0461,ENT-02,engineering,166667
EMP-0462,ENT-03,operations,166667
EMP-0463,ENT-04,commercial,166667
EMP-0464,ENT-05,support,166667
EMP-0465,ENT-06,engineering,166667
EMP-0466,ENT-02,operations,166667
EMP-0467,ENT-03,commercial,166667
EMP-0468,ENT-04,support,166667
EMP-0469,ENT-05,engineering,166667
EMP-0470,ENT-06,operations,166667
EMP-0471,ENT-02,commercial,166667
EMP-0472,ENT-03,support,166667
EMP-0473,ENT-04,engineering,166667
EMP-0474,ENT-05,operations,166667
EMP-0475,ENT-06,commercial,166667
EMP-0476,ENT-02,support,166667
EMP-0477,ENT-03,engineering,166667
EMP-0478,ENT-04,operations,166667
EMP-0479,ENT-05,commercial,166667
EMP-0480,ENT-06,support,166667
EMP-0481,ENT-02,engineering,166667
EMP-0482,ENT-03,operations,166667
EMP-0483,ENT-04,commercial,166667
EMP-0484,ENT-05,support,166667
EMP-0485,ENT-06,engineering,166667
EMP-0486,ENT-02,operations,166667
EMP-0487,ENT-03,commercial,166667
EMP-0488,ENT-04,support,166667
EMP-0489,ENT-05,engineering,166667
EMP-0490,ENT-06,operations,166667
EMP-0491,ENT-02,commercial,166667
EMP-0492,ENT-03,support,166667
EMP-0493,ENT-04,engineering,166667
EMP-0494,ENT-05,operations,166667
EMP-0495,ENT-06,commercial,166667
EMP-0496,ENT-02,support,166667
EMP-0497,ENT-03,engineering,166667
EMP-0498,ENT-04,operations,166667
EMP-0499,ENT-05,commercial,166667
EMP-0500,ENT-06,support,166667
EMP-0501,ENT-02,engineering,166667
EMP-0502,ENT-03,operations,166667
EMP-0503,ENT-04,commercial,166667
EMP-0504,ENT-05,support,166667
EMP-0505,ENT-06,engineering,166667
EMP-0506,ENT-02,operations,166667
EMP-0507,ENT-03,commercial,166667
EMP-0508,ENT-04,support,166667
EMP-0509,ENT-05,engineering,166667
EMP-0510,ENT-06,operations,166667
EMP-0511,ENT-02,commercial,166667
EMP-0512,ENT-03,support,166667
EMP-0513,ENT-04,engineering,166667
EMP-0514,ENT-05,operations,166667
EMP-0515,ENT-06,commercial,166667
EMP-0516,ENT-02,support,166667
EMP-0517,ENT-03,engineering,166667
EMP-0518,ENT-04,operations,166667
EMP-0519,ENT-05,commercial,166667
EMP-0520,ENT-06,support,166667
EMP-0521,ENT-02,engineering,166667
EMP-0522,ENT-03,operations,166667
EMP-0523,ENT-04,commercial,166667
EMP-0524,ENT-05,support,166667
EMP-0525,ENT-06,engineering,166667
EMP-0526,ENT-02,operations,166667
EMP-0527,ENT-03,commercial,166667
EMP-0528,ENT-04,support,166667
EMP-0529,ENT-05,engineering,166667
EMP-0530,ENT-06,operations,166667
EMP-0531,ENT-02,commercial,166667
EMP-0532,ENT-03,support,166667
EMP-0533,ENT-04,engineering,166667
EMP-0534,ENT-05,operations,166667
EMP-0535,ENT-06,commercial,166667
EMP-0536,ENT-02,support,166667
EMP-0537,ENT-03,engineering,166667
EMP-0538,ENT-04,operations,166667
EMP-0539,ENT-05,commercial,166667
EMP-0540,ENT-06,support,166667
EMP-0541,ENT-02,engineering,166667
EMP-0542,ENT-03,operations,166667
EMP-0543,ENT-04,commercial,166667
EMP-0544,ENT-05,support,166667
EMP-0545,ENT-06,engineering,166667
EMP-0546,ENT-02,operations,166667
EMP-0547,ENT-03,commercial,166667
EMP-0548,ENT-04,support,166667
EMP-0549,ENT-05,engineering,166667
EMP-0550,ENT-06,operations,166667
EMP-0551,ENT-02,commercial,166667
EMP-0552,ENT-03,support,166667
EMP-0553,ENT-04,engineering,166667
EMP-0554,ENT-05,operations,166667
EMP-0555,ENT-06,commercial,166667
EMP-0556,ENT-02,support,166667
EMP-0557,ENT-03,engineering,166667
EMP-0558,ENT-04,operations,166667
EMP-0559,ENT-05,commercial,166667
EMP-0560,ENT-06,support,166667
EMP-0561,ENT-02,engineering,166667
EMP-0562,ENT-03,operations,166667
EMP-0563,ENT-04,commercial,166667
EMP-0564,ENT-05,support,166667
EMP-0565,ENT-06,engineering,166667
EMP-0566,ENT-02,operations,166667
EMP-0567,ENT-03,commercial,166667
EMP-0568,ENT-04,support,166667
EMP-0569,ENT-05,engineering,166667
EMP-0570,ENT-06,operations,166667
EMP-0571,ENT-02,commercial,166667
EMP-0572,ENT-03,support,166667
EMP-0573,ENT-04,engineering,166667
EMP-0574,ENT-05,operations,166667
EMP-0575,ENT-06,commercial,166667
EMP-0576,ENT-02,support,166667
EMP-0577,ENT-03,engineering,166667
EMP-0578,ENT-04,operations,166667
EMP-0579,ENT-05,commercial,166667
EMP-0580,ENT-06,support,166667
EMP-0581,ENT-02,engineering,166667
EMP-0582,ENT-03,operations,166667
EMP-0583,ENT-04,commercial,166667
EMP-0584,ENT-05,support,166667
EMP-0585,ENT-06,engineering,166667
EMP-0586,ENT-02,operations,166667
EMP-0587,ENT-03,commercial,166667
EMP-0588,ENT-04,support,166667
EMP-0589,ENT-05,engineering,166667
EMP-0590,ENT-06,operations,166667
EMP-0591,ENT-02,commercial,166667
EMP-0592,ENT-03,support,166667
EMP-0593,ENT-04,engineering,166667
EMP-0594,ENT-05,operations,166667
EMP-0595,ENT-06,commercial,166667
EMP-0596,ENT-02,support,166667
EMP-0597,ENT-03,engineering,166667
EMP-0598,ENT-04,operations,166667
EMP-0599,ENT-05,commercial,166667
EMP-0600,ENT-06,support,166667
EMP-0601,ENT-02,engineering,166667
EMP-0602,ENT-03,operations,166667
EMP-0603,ENT-04,commercial,166667
EMP-0604,ENT-05,support,166667
EMP-0605,ENT-06,engineering,166667
EMP-0606,ENT-02,operations,166667
EMP-0607,ENT-03,commercial,166667
EMP-0608,ENT-04,support,166667
EMP-0609,ENT-05,engineering,166667
EMP-0610,ENT-06,operations,166667
EMP-0611,ENT-02,commercial,166667
EMP-0612,ENT-03,support,166667
EMP-0613,ENT-04,engineering,166667
EMP-0614,ENT-05,operations,166667
EMP-0615,ENT-06,commercial,166667
EMP-0616,ENT-02,support,166667
EMP-0617,ENT-03,engineering,166667
EMP-0618,ENT-04,operations,166667
EMP-0619,ENT-05,commercial,166667
EMP-0620,ENT-06,support,166667
EMP-0621,ENT-02,engineering,166667
EMP-0622,ENT-03,operations,166667
EMP-0623,ENT-04,commercial,166667
EMP-0624,ENT-05,support,166667
EMP-0625,ENT-06,engineering,166667
EMP-0626,ENT-02,operations,166667
EMP-0627,ENT-03,commercial,166667
EMP-0628,ENT-04,support,166667
EMP-0629,ENT-05,engineering,166667
EMP-0630,ENT-06,operations,166667
EMP-0631,ENT-02,commercial,166667
EMP-0632,ENT-03,support,166667
EMP-0633,ENT-04,engineering,166667
EMP-0634,ENT-05,operations,166667
EMP-0635,ENT-06,commercial,166667
EMP-0636,ENT-02,support,166667
EMP-0637,ENT-03,engineering,166667
EMP-0638,ENT-04,operations,166667
EMP-0639,ENT-05,commercial,166667
EMP-0640,ENT-06,support,166667
EMP-0641,ENT-02,engineering,166667
EMP-0642,ENT-03,operations,166667
EMP-0643,ENT-04,commercial,166667
EMP-0644,ENT-05,support,166667
EMP-0645,ENT-06,engineering,166667
EMP-0646,ENT-02,operations,166667
EMP-0647,ENT-03,commercial,166667
EMP-0648,ENT-04,support,166667
EMP-0649,ENT-05,engineering,166667
EMP-0650,ENT-06,operations,166667
EMP-0651,ENT-02,commercial,166667
EMP-0652,ENT-03,support,166667
EMP-0653,ENT-04,engineering,166667
EMP-0654,ENT-05,operations,166667
EMP-0655,ENT-06,commercial,166667
EMP-0656,ENT-02,support,166667
EMP-0657,ENT-03,engineering,166667
EMP-0658,ENT-04,operations,166667
EMP-0659,ENT-05,commercial,166667
EMP-0660,ENT-06,support,166667
EMP-0661,ENT-02,engineering,166667
EMP-0662,ENT-03,operations,166667
EMP-0663,ENT-04,commercial,166667
EMP-0664,ENT-05,support,166667
EMP-0665,ENT-06,engineering,166667
EMP-0666,ENT-02,operations,166667
EMP-0667,ENT-03,commercial,166667
EMP-0668,ENT-04,support,166667
EMP-0669,ENT-05,engineering,166667
EMP-0670,ENT-06,operations,166667
EMP-0671,ENT-02,commercial,166667
EMP-0672,ENT-03,support,166667
EMP-0673,ENT-04,engineering,166667
EMP-0674,ENT-05,operations,166667
EMP-0675,ENT-06,commercial,166667
EMP-0676,ENT-02,support,166667
EMP-0677,ENT-03,engineering,166667
EMP-0678,ENT-04,operations,166667
EMP-0679,ENT-05,commercial,166667
EMP-0680,ENT-06,support,166667
EMP-0681,ENT-02,engineering,166667
EMP-0682,ENT-03,operations,166667
EMP-0683,ENT-04,commercial,166667
EMP-0684,ENT-05,support,166667
EMP-0685,ENT-06,engineering,166667
EMP-0686,ENT-02,operations,166667
EMP-0687,ENT-03,commercial,166667
EMP-0688,ENT-04,support,166667
EMP-0689,ENT-05,engineering,166667
EMP-0690,ENT-06,operations,166667
EMP-0691,ENT-02,commercial,166667
EMP-0692,ENT-03,support,166667
EMP-0693,ENT-04,engineering,166667
EMP-0694,ENT-05,operations,166667
EMP-0695,ENT-06,commercial,166667
EMP-0696,ENT-02,support,166667
EMP-0697,ENT-03,engineering,166667
EMP-0698,ENT-04,operations,166667
EMP-0699,ENT-05,commercial,166667
EMP-0700,ENT-06,support,166667
EMP-0701,ENT-02,engineering,166667
EMP-0702,ENT-03,operations,166667
EMP-0703,ENT-04,commercial,166667
EMP-0704,ENT-05,support,166667
EMP-0705,ENT-06,engineering,166667
EMP-0706,ENT-02,operations,166667
EMP-0707,ENT-03,commercial,166667
EMP-0708,ENT-04,support,166667
EMP-0709,ENT-05,engineering,166667
EMP-0710,ENT-06,operations,166667
EMP-0711,ENT-02,commercial,166667
EMP-0712,ENT-03,support,166667
EMP-0713,ENT-04,engineering,166667
EMP-0714,ENT-05,operations,166667
EMP-0715,ENT-06,commercial,166667
EMP-0716,ENT-02,support,166667
EMP-0717,ENT-03,engineering,166667
EMP-0718,ENT-04,operations,166667
EMP-0719,ENT-05,commercial,166667
EMP-0720,ENT-06,support,166667
EMP-0721,ENT-02,engineering,166667
EMP-0722,ENT-03,operations,166667
EMP-0723,ENT-04,commercial,166667
EMP-0724,ENT-05,support,166667
EMP-0725,ENT-06,engineering,166667
EMP-0726,ENT-02,operations,166667
EMP-0727,ENT-03,commercial,166667
EMP-0728,ENT-04,support,166667
EMP-0729,ENT-05,engineering,166667
EMP-0730,ENT-06,operations,166667
EMP-0731,ENT-02,commercial,166667
EMP-0732,ENT-03,support,166667
EMP-0733,ENT-04,engineering,166667
EMP-0734,ENT-05,operations,166667
EMP-0735,ENT-06,commercial,166667
EMP-0736,ENT-02,support,166667
EMP-0737,ENT-03,engineering,166667
EMP-0738,ENT-04,operations,166667
EMP-0739,ENT-05,commercial,166667
EMP-0740,ENT-06,support,166667
EMP-0741,ENT-02,engineering,166667
EMP-0742,ENT-03,operations,166667
EMP-0743,ENT-04,commercial,166667
EMP-0744,ENT-05,support,166667
EMP-0745,ENT-06,engineering,166667
EMP-0746,ENT-02,operations,166667
EMP-0747,ENT-03,commercial,166667
EMP-0748,ENT-04,support,166667
EMP-0749,ENT-05,engineering,166667
EMP-0750,ENT-06,operations,166667
EMP-0751,ENT-02,commercial,166667
EMP-0752,ENT-03,support,166667
EMP-0753,ENT-04,engineering,166667
EMP-0754,ENT-05,operations,166667
EMP-0755,ENT-06,commercial,166667
EMP-0756,ENT-02,support,166667
EMP-0757,ENT-03,engineering,166667
EMP-0758,ENT-04,operations,166667
EMP-0759,ENT-05,commercial,166667
EMP-0760,ENT-06,support,166667
EMP-0761,ENT-02,engineering,166667
EMP-0762,ENT-03,operations,166667
EMP-0763,ENT-04,commercial,166667
EMP-0764,ENT-05,support,166667
EMP-0765,ENT-06,engineering,166667
EMP-0766,ENT-02,operations,166667
EMP-0767,ENT-03,commercial,166667
EMP-0768,ENT-04,support,166667
EMP-0769,ENT-05,engineering,166667
EMP-0770,ENT-06,operations,166667
EMP-0771,ENT-02,commercial,166667
EMP-0772,ENT-03,support,166667
EMP-0773,ENT-04,engineering,166667
EMP-0774,ENT-05,operations,166667
EMP-0775,ENT-06,commercial,166667
EMP-0776,ENT-02,support,166667
EMP-0777,ENT-03,engineering,166667
EMP-0778,ENT-04,operations,166667
EMP-0779,ENT-05,commercial,166667
EMP-0780,ENT-06,support,166667
EMP-0781,ENT-02,engineering,166667
EMP-0782,ENT-03,operations,166667
EMP-0783,ENT-04,commercial,166667
EMP-0784,ENT-05,support,166667
EMP-0785,ENT-06,engineering,166667
EMP-0786,ENT-02,operations,166667
EMP-0787,ENT-03,commercial,166667
EMP-0788,ENT-04,support,166667
EMP-0789,ENT-05,engineering,166667
EMP-0790,ENT-06,operations,166667
EMP-0791,ENT-02,commercial,166667
EMP-0792,ENT-03,support,166667
EMP-0793,ENT-04,engineering,166667
EMP-0794,ENT-05,operations,166667
EMP-0795,ENT-06,commercial,166667
EMP-0796,ENT-02,support,166667
EMP-0797,ENT-03,engineering,166667
EMP-0798,ENT-04,operations,166667
EMP-0799,ENT-05,commercial,166667
EMP-0800,ENT-06,support,166667
EMP-0801,ENT-02,engineering,166666
EMP-0802,ENT-03,operations,166666
EMP-0803,ENT-04,commercial,166666
EMP-0804,ENT-05,support,166666
EMP-0805,ENT-06,engineering,166666
EMP-0806,ENT-02,operations,166666
EMP-0807,ENT-03,commercial,166666
EMP-0808,ENT-04,support,166666
EMP-0809,ENT-05,engineering,166666
EMP-0810,ENT-06,operations,166666
EMP-0811,ENT-02,commercial,166666
EMP-0812,ENT-03,support,166666
EMP-0813,ENT-04,engineering,166666
EMP-0814,ENT-05,operations,166666
EMP-0815,ENT-06,commercial,166666
EMP-0816,ENT-02,support,166666
EMP-0817,ENT-03,engineering,166666
EMP-0818,ENT-04,operations,166666
EMP-0819,ENT-05,commercial,166666
EMP-0820,ENT-06,support,166666
EMP-0821,ENT-02,engineering,166666
EMP-0822,ENT-03,operations,166666
EMP-0823,ENT-04,commercial,166666
EMP-0824,ENT-05,support,166666
EMP-0825,ENT-06,engineering,166666
EMP-0826,ENT-02,operations,166666
EMP-0827,ENT-03,commercial,166666
EMP-0828,ENT-04,support,166666
EMP-0829,ENT-05,engineering,166666
EMP-0830,ENT-06,operations,166666
EMP-0831,ENT-02,commercial,166666
EMP-0832,ENT-03,support,166666
EMP-0833,ENT-04,engineering,166666
EMP-0834,ENT-05,operations,166666
EMP-0835,ENT-06,commercial,166666
EMP-0836,ENT-02,support,166666
EMP-0837,ENT-03,engineering,166666
EMP-0838,ENT-04,operations,166666
EMP-0839,ENT-05,commercial,166666
EMP-0840,ENT-06,support,166666
EMP-0841,ENT-02,engineering,166666
EMP-0842,ENT-03,operations,166666
EMP-0843,ENT-04,commercial,166666
EMP-0844,ENT-05,support,166666
EMP-0845,ENT-06,engineering,166666
EMP-0846,ENT-02,operations,166666
EMP-0847,ENT-03,commercial,166666
EMP-0848,ENT-04,support,166666
EMP-0849,ENT-05,engineering,166666
EMP-0850,ENT-06,operations,166666
EMP-0851,ENT-02,commercial,166666
EMP-0852,ENT-03,support,166666
EMP-0853,ENT-04,engineering,166666
EMP-0854,ENT-05,operations,166666
EMP-0855,ENT-06,commercial,166666
EMP-0856,ENT-02,support,166666
EMP-0857,ENT-03,engineering,166666
EMP-0858,ENT-04,operations,166666
EMP-0859,ENT-05,commercial,166666
EMP-0860,ENT-06,support,166666
EMP-0861,ENT-02,engineering,166666
EMP-0862,ENT-03,operations,166666
EMP-0863,ENT-04,commercial,166666
EMP-0864,ENT-05,support,166666
EMP-0865,ENT-06,engineering,166666
EMP-0866,ENT-02,operations,166666
EMP-0867,ENT-03,commercial,166666
EMP-0868,ENT-04,support,166666
EMP-0869,ENT-05,engineering,166666
EMP-0870,ENT-06,operations,166666
EMP-0871,ENT-02,commercial,166666
EMP-0872,ENT-03,support,166666
EMP-0873,ENT-04,engineering,166666
EMP-0874,ENT-05,operations,166666
EMP-0875,ENT-06,commercial,166666
EMP-0876,ENT-02,support,166666
EMP-0877,ENT-03,engineering,166666
EMP-0878,ENT-04,operations,166666
EMP-0879,ENT-05,commercial,166666
EMP-0880,ENT-06,support,166666
EMP-0881,ENT-02,engineering,166666
EMP-0882,ENT-03,operations,166666
EMP-0883,ENT-04,commercial,166666
EMP-0884,ENT-05,support,166666
EMP-0885,ENT-06,engineering,166666
EMP-0886,ENT-02,operations,166666
EMP-0887,ENT-03,commercial,166666
EMP-0888,ENT-04,support,166666
EMP-0889,ENT-05,engineering,166666
EMP-0890,ENT-06,operations,166666
EMP-0891,ENT-02,commercial,166666
EMP-0892,ENT-03,support,166666
EMP-0893,ENT-04,engineering,166666
EMP-0894,ENT-05,operations,166666
EMP-0895,ENT-06,commercial,166666
EMP-0896,ENT-02,support,166666
EMP-0897,ENT-03,engineering,166666
EMP-0898,ENT-04,operations,166666
EMP-0899,ENT-05,commercial,166666
EMP-0900,ENT-06,support,166666
EMP-0901,ENT-02,engineering,166666
EMP-0902,ENT-03,operations,166666
EMP-0903,ENT-04,commercial,166666
EMP-0904,ENT-05,support,166666
EMP-0905,ENT-06,engineering,166666
EMP-0906,ENT-02,operations,166666
EMP-0907,ENT-03,commercial,166666
EMP-0908,ENT-04,support,166666
EMP-0909,ENT-05,engineering,166666
EMP-0910,ENT-06,operations,166666
EMP-0911,ENT-02,commercial,166666
EMP-0912,ENT-03,support,166666
EMP-0913,ENT-04,engineering,166666
EMP-0914,ENT-05,operations,166666
EMP-0915,ENT-06,commercial,166666
EMP-0916,ENT-02,support,166666
EMP-0917,ENT-03,engineering,166666
EMP-0918,ENT-04,operations,166666
EMP-0919,ENT-05,commercial,166666
EMP-0920,ENT-06,support,166666
EMP-0921,ENT-02,engineering,166666
EMP-0922,ENT-03,operations,166666
EMP-0923,ENT-04,commercial,166666
EMP-0924,ENT-05,support,166666
EMP-0925,ENT-06,engineering,166666
EMP-0926,ENT-02,operations,166666
EMP-0927,ENT-03,commercial,166666
EMP-0928,ENT-04,support,166666
EMP-0929,ENT-05,engineering,166666
EMP-0930,ENT-06,operations,166666
EMP-0931,ENT-02,commercial,166666
EMP-0932,ENT-03,support,166666
EMP-0933,ENT-04,engineering,166666
EMP-0934,ENT-05,operations,166666
EMP-0935,ENT-06,commercial,166666
EMP-0936,ENT-02,support,166666
EMP-0937,ENT-03,engineering,166666
EMP-0938,ENT-04,operations,166666
EMP-0939,ENT-05,commercial,166666
EMP-0940,ENT-06,support,166666
EMP-0941,ENT-02,engineering,166666
EMP-0942,ENT-03,operations,166666
EMP-0943,ENT-04,commercial,166666
EMP-0944,ENT-05,support,166666
EMP-0945,ENT-06,engineering,166666
EMP-0946,ENT-02,operations,166666
EMP-0947,ENT-03,commercial,166666
EMP-0948,ENT-04,support,166666
EMP-0949,ENT-05,engineering,166666
EMP-0950,ENT-06,operations,166666
EMP-0951,ENT-02,commercial,166666
EMP-0952,ENT-03,support,166666
EMP-0953,ENT-04,engineering,166666
EMP-0954,ENT-05,operations,166666
EMP-0955,ENT-06,commercial,166666
EMP-0956,ENT-02,support,166666
EMP-0957,ENT-03,engineering,166666
EMP-0958,ENT-04,operations,166666
EMP-0959,ENT-05,commercial,166666
EMP-0960,ENT-06,support,166666
EMP-0961,ENT-02,engineering,166666
EMP-0962,ENT-03,operations,166666
EMP-0963,ENT-04,commercial,166666
EMP-0964,ENT-05,support,166666
EMP-0965,ENT-06,engineering,166666
EMP-0966,ENT-02,operations,166666
EMP-0967,ENT-03,commercial,166666
EMP-0968,ENT-04,support,166666
EMP-0969,ENT-05,engineering,166666
EMP-0970,ENT-06,operations,166666
EMP-0971,ENT-02,commercial,166666
EMP-0972,ENT-03,support,166666
EMP-0973,ENT-04,engineering,166666
EMP-0974,ENT-05,operations,166666
EMP-0975,ENT-06,commercial,166666
EMP-0976,ENT-02,support,166666
EMP-0977,ENT-03,engineering,166666
EMP-0978,ENT-04,operations,166666
EMP-0979,ENT-05,commercial,166666
EMP-0980,ENT-06,support,166666
EMP-0981,ENT-02,engineering,166666
EMP-0982,ENT-03,operations,166666
EMP-0983,ENT-04,commercial,166666
EMP-0984,ENT-05,support,166666
EMP-0985,ENT-06,engineering,166666
EMP-0986,ENT-02,operations,166666
EMP-0987,ENT-03,commercial,166666
EMP-0988,ENT-04,support,166666
EMP-0989,ENT-05,engineering,166666
EMP-0990,ENT-06,operations,166666
EMP-0991,ENT-02,commercial,166666
EMP-0992,ENT-03,support,166666
EMP-0993,ENT-04,engineering,166666
EMP-0994,ENT-05,operations,166666
EMP-0995,ENT-06,commercial,166666
EMP-0996,ENT-02,support,166666
EMP-0997,ENT-03,engineering,166666
EMP-0998,ENT-04,operations,166666
EMP-0999,ENT-05,commercial,166666
EMP-1000,ENT-06,support,166666
EMP-1001,ENT-02,engineering,166666
EMP-1002,ENT-03,operations,166666
EMP-1003,ENT-04,commercial,166666
EMP-1004,ENT-05,support,166666
EMP-1005,ENT-06,engineering,166666
EMP-1006,ENT-02,operations,166666
EMP-1007,ENT-03,commercial,166666
EMP-1008,ENT-04,support,166666
EMP-1009,ENT-05,engineering,166666
EMP-1010,ENT-06,operations,166666
EMP-1011,ENT-02,commercial,166666
EMP-1012,ENT-03,support,166666
EMP-1013,ENT-04,engineering,166666
EMP-1014,ENT-05,operations,166666
EMP-1015,ENT-06,commercial,166666
EMP-1016,ENT-02,support,166666
EMP-1017,ENT-03,engineering,166666
EMP-1018,ENT-04,operations,166666
EMP-1019,ENT-05,commercial,166666
EMP-1020,ENT-06,support,166666
EMP-1021,ENT-02,engineering,166666
EMP-1022,ENT-03,operations,166666
EMP-1023,ENT-04,commercial,166666
EMP-1024,ENT-05,support,166666
EMP-1025,ENT-06,engineering,166666
EMP-1026,ENT-02,operations,166666
EMP-1027,ENT-03,commercial,166666
EMP-1028,ENT-04,support,166666
EMP-1029,ENT-05,engineering,166666
EMP-1030,ENT-06,operations,166666
EMP-1031,ENT-02,commercial,166666
EMP-1032,ENT-03,support,166666
EMP-1033,ENT-04,engineering,166666
EMP-1034,ENT-05,operations,166666
EMP-1035,ENT-06,commercial,166666
EMP-1036,ENT-02,support,166666
EMP-1037,ENT-03,engineering,166666
EMP-1038,ENT-04,operations,166666
EMP-1039,ENT-05,commercial,166666
EMP-1040,ENT-06,support,166666
EMP-1041,ENT-02,engineering,166666
EMP-1042,ENT-03,operations,166666
EMP-1043,ENT-04,commercial,166666
EMP-1044,ENT-05,support,166666
EMP-1045,ENT-06,engineering,166666
EMP-1046,ENT-02,operations,166666
EMP-1047,ENT-03,commercial,166666
EMP-1048,ENT-04,support,166666
EMP-1049,ENT-05,engineering,166666
EMP-1050,ENT-06,operations,166666
EMP-1051,ENT-02,commercial,166666
EMP-1052,ENT-03,support,166666
EMP-1053,ENT-04,engineering,166666
EMP-1054,ENT-05,operations,166666
EMP-1055,ENT-06,commercial,166666
EMP-1056,ENT-02,support,166666
EMP-1057,ENT-03,engineering,166666
EMP-1058,ENT-04,operations,166666
EMP-1059,ENT-05,commercial,166666
EMP-1060,ENT-06,support,166666
EMP-1061,ENT-02,engineering,166666
EMP-1062,ENT-03,operations,166666
EMP-1063,ENT-04,commercial,166666
EMP-1064,ENT-05,support,166666
EMP-1065,ENT-06,engineering,166666
EMP-1066,ENT-02,operations,166666
EMP-1067,ENT-03,commercial,166666
EMP-1068,ENT-04,support,166666
EMP-1069,ENT-05,engineering,166666
EMP-1070,ENT-06,operations,166666
EMP-1071,ENT-02,commercial,166666
EMP-1072,ENT-03,support,166666
EMP-1073,ENT-04,engineering,166666
EMP-1074,ENT-05,operations,166666
EMP-1075,ENT-06,commercial,166666
EMP-1076,ENT-02,support,166666
EMP-1077,ENT-03,engineering,166666
EMP-1078,ENT-04,operations,166666
EMP-1079,ENT-05,commercial,166666
EMP-1080,ENT-06,support,166666
EMP-1081,ENT-02,engineering,166666
EMP-1082,ENT-03,operations,166666
EMP-1083,ENT-04,commercial,166666
EMP-1084,ENT-05,support,166666
EMP-1085,ENT-06,engineering,166666
EMP-1086,ENT-02,operations,166666
EMP-1087,ENT-03,commercial,166666
EMP-1088,ENT-04,support,166666
EMP-1089,ENT-05,engineering,166666
EMP-1090,ENT-06,operations,166666
EMP-1091,ENT-02,commercial,166666
EMP-1092,ENT-03,support,166666
EMP-1093,ENT-04,engineering,166666
EMP-1094,ENT-05,operations,166666
EMP-1095,ENT-06,commercial,166666
EMP-1096,ENT-02,support,166666
EMP-1097,ENT-03,engineering,166666
EMP-1098,ENT-04,operations,166666
EMP-1099,ENT-05,commercial,166666
EMP-1100,ENT-06,support,166666
EMP-1101,ENT-02,engineering,166666
EMP-1102,ENT-03,operations,166666
EMP-1103,ENT-04,commercial,166666
EMP-1104,ENT-05,support,166666
EMP-1105,ENT-06,engineering,166666
EMP-1106,ENT-02,operations,166666
EMP-1107,ENT-03,commercial,166666
EMP-1108,ENT-04,support,166666
EMP-1109,ENT-05,engineering,166666
EMP-1110,ENT-06,operations,166666
EMP-1111,ENT-02,commercial,166666
EMP-1112,ENT-03,support,166666
EMP-1113,ENT-04,engineering,166666
EMP-1114,ENT-05,operations,166666
EMP-1115,ENT-06,commercial,166666
EMP-1116,ENT-02,support,166666
EMP-1117,ENT-03,engineering,166666
EMP-1118,ENT-04,operations,166666
EMP-1119,ENT-05,commercial,166666
EMP-1120,ENT-06,support,166666
EMP-1121,ENT-02,engineering,166666
EMP-1122,ENT-03,operations,166666
EMP-1123,ENT-04,commercial,166666
EMP-1124,ENT-05,support,166666
EMP-1125,ENT-06,engineering,166666
EMP-1126,ENT-02,operations,166666
EMP-1127,ENT-03,commercial,166666
EMP-1128,ENT-04,support,166666
EMP-1129,ENT-05,engineering,166666
EMP-1130,ENT-06,operations,166666
EMP-1131,ENT-02,commercial,166666
EMP-1132,ENT-03,support,166666
EMP-1133,ENT-04,engineering,166666
EMP-1134,ENT-05,operations,166666
EMP-1135,ENT-06,commercial,166666
EMP-1136,ENT-02,support,166666
EMP-1137,ENT-03,engineering,166666
EMP-1138,ENT-04,operations,166666
EMP-1139,ENT-05,commercial,166666
EMP-1140,ENT-06,support,166666
EMP-1141,ENT-02,engineering,166666
EMP-1142,ENT-03,operations,166666
EMP-1143,ENT-04,commercial,166666
EMP-1144,ENT-05,support,166666
EMP-1145,ENT-06,engineering,166666
EMP-1146,ENT-02,operations,166666
EMP-1147,ENT-03,commercial,166666
EMP-1148,ENT-04,support,166666
EMP-1149,ENT-05,engineering,166666
EMP-1150,ENT-06,operations,166666
EMP-1151,ENT-02,commercial,166666
EMP-1152,ENT-03,support,166666
EMP-1153,ENT-04,engineering,166666
EMP-1154,ENT-05,operations,166666
EMP-1155,ENT-06,commercial,166666
EMP-1156,ENT-02,support,166666
EMP-1157,ENT-03,engineering,166666
EMP-1158,ENT-04,operations,166666
EMP-1159,ENT-05,commercial,166666
EMP-1160,ENT-06,support,166666
EMP-1161,ENT-02,engineering,166666
EMP-1162,ENT-03,operations,166666
EMP-1163,ENT-04,commercial,166666
EMP-1164,ENT-05,support,166666
EMP-1165,ENT-06,engineering,166666
EMP-1166,ENT-02,operations,166666
EMP-1167,ENT-03,commercial,166666
EMP-1168,ENT-04,support,166666
EMP-1169,ENT-05,engineering,166666
EMP-1170,ENT-06,operations,166666
EMP-1171,ENT-02,commercial,166666
EMP-1172,ENT-03,support,166666
EMP-1173,ENT-04,engineering,166666
EMP-1174,ENT-05,operations,166666
EMP-1175,ENT-06,commercial,166666
EMP-1176,ENT-02,support,166666
EMP-1177,ENT-03,engineering,166666
EMP-1178,ENT-04,operations,166666
EMP-1179,ENT-05,commercial,166666
EMP-1180,ENT-06,support,166666
EMP-1181,ENT-02,engineering,166666
EMP-1182,ENT-03,operations,166666
EMP-1183,ENT-04,commercial,166666
EMP-1184,ENT-05,support,166666
EMP-1185,ENT-06,engineering,166666
EMP-1186,ENT-02,operations,166666
EMP-1187,ENT-03,commercial,166666
EMP-1188,ENT-04,support,166666
EMP-1189,ENT-05,engineering,166666
EMP-1190,ENT-06,operations,166666
EMP-1191,ENT-02,commercial,166666
EMP-1192,ENT-03,support,166666
EMP-1193,ENT-04,engineering,166666
EMP-1194,ENT-05,operations,166666
EMP-1195,ENT-06,commercial,166666
EMP-1196,ENT-02,support,166666
EMP-1197,ENT-03,engineering,166666
EMP-1198,ENT-04,operations,166666
EMP-1199,ENT-05,commercial,166666
EMP-1200,ENT-06,support,166666
